timestamp,rolling_vibration_trend,rolling_temperature_trend,rolling_current_trend,rolling_load_trend,abnormal_window,event_id,stop_timestamp,precursor_detectable
2025-01-01 00:00:00+00:00,4.044280661472031,66.5946127533106,74.3625219542095,60.0,0,,,False
2025-01-01 01:00:00+00:00,3.3912425757498443,66.59234972539016,69.38573040616386,60.44659812512148,0,,,False
2025-01-01 02:00:00+00:00,3.4735976819448373,67.04451117025002,71.2425786784532,59.01271017115608,0,,,False
2025-01-01 03:00:00+00:00,3.238101633813305,67.17737879220816,66.96621942396845,60.16267731046379,0,,,False
2025-01-01 04:00:00+00:00,3.590830908120116,68.1769964734478,76.6358187670606,61.55259096468578,0,,,False
2025-01-01 05:00:00+00:00,3.2806436321514045,65.65461727515633,69.59748583281734,58.85831625056632,0,,,False
2025-01-01 06:00:00+00:00,3.294340748899035,65.61510620863858,69.4898544521224,57.19968619137859,0,,,False
2025-01-01 07:00:00+00:00,3.5814030849531435,66.05588018697439,75.96173333891595,57.62869878031869,0,,,False
2025-01-01 08:00:00+00:00,3.4696656317509715,65.44384444237267,73.37150525791222,57.437864654287075,0,,,False
2025-01-01 09:00:00+00:00,3.4984824811941575,64.71200031359565,68.11904650847409,57.69263926157089,0,,,False
2025-01-01 10:00:00+00:00,3.0365052123251117,64.53681675339466,66.48753435095115,56.78493518301438,0,,,False
2025-01-01 11:00:00+00:00,3.75670941080884,64.28078427076917,68.62687692552308,58.35707289421373,0,,,False
2025-01-01 12:00:00+00:00,3.2738433966263703,66.55497212883746,72.31024425001898,59.741822946575724,0,,,False
2025-01-01 13:00:00+00:00,3.779283831305188,65.88659647042088,70.76258208663513,60.09206410516206,0,,,False
2025-01-01 14:00:00+00:00,3.770768737729813,65.58451165306582,71.45553902221567,61.93090759673657,0,,,False
2025-01-01 15:00:00+00:00,3.7294262913576546,65.84334208992253,77.7722201557038,62.78903106303139,0,,,False
2025-01-01 16:00:00+00:00,3.425810243944109,64.71578527170993,72.1629565209215,61.77127787794707,0,,,False
2025-01-01 17:00:00+00:00,3.641088964676185,68.2269472959136,80.0483755839424,62.528950946859354,0,,,False
2025-01-01 18:00:00+00:00,3.478798620352526,66.54168966608836,72.47288998299676,61.41254387263558,0,,,False
2025-01-01 19:00:00+00:00,3.6369603349444275,65.58402138446327,78.84424918850648,62.927404712743886,0,,,False
2025-01-01 20:00:00+00:00,3.594329364592035,68.14153076591927,74.70330083576123,63.095697138387465,0,,,False
2025-01-01 21:00:00+00:00,3.2717168359402513,66.083771632797,76.50814212096594,63.08148282496189,0,,,False
2025-01-01 22:00:00+00:00,3.8092839244683083,64.60600090808886,70.85413041650061,62.38583949535739,0,,,False
2025-01-01 23:00:00+00:00,3.6831629489466375,68.85024834799884,72.17423125571985,64.39471638056717,0,,,False
2025-01-02 00:00:00+00:00,3.6110280916316158,66.51630227259761,76.12463650972752,64.40649252315596,0,,,False
2025-01-02 01:00:00+00:00,3.581163051651862,66.60013105509495,77.40385218355232,64.04493230136045,0,,,False
2025-01-02 02:00:00+00:00,3.736163503857284,67.2060418979322,74.3628731303253,63.81423955802811,0,,,False
2025-01-02 03:00:00+00:00,3.556923466736211,69.16588121837994,71.25481258330076,64.83999128064924,0,,,False
2025-01-02 04:00:00+00:00,3.346039010405537,67.70986000917189,71.67866977427059,65.59934690957478,0,,,False
2025-01-02 05:00:00+00:00,3.8613738744741863,66.12192771009347,72.16030042482333,66.40201133103771,0,,,False
2025-01-02 06:00:00+00:00,3.917645220100634,68.97719337595764,71.82103762558509,67.20459289929792,0,,,False
2025-01-02 07:00:00+00:00,3.9309924685712248,68.38535672702874,80.148173133035,70.37613771140441,0,,,False
2025-01-02 08:00:00+00:00,3.737016344235686,71.78947836909346,82.75497693188862,69.85864137266417,0,,,False
2025-01-02 09:00:00+00:00,3.9308177027593567,68.76371578633174,78.79503951898985,69.21798456442856,0,,,False
2025-01-02 10:00:00+00:00,3.6046773682329434,65.10273471668125,71.17540495798603,68.18429321176421,0,,,False
2025-01-02 11:00:00+00:00,3.728930209290108,69.29492556952609,78.24453993432532,69.19626037097525,0,,,False
2025-01-02 12:00:00+00:00,3.854823965607445,72.18322731624497,79.7662064556903,70.88776875951542,0,,,False
2025-01-02 13:00:00+00:00,4.136672789786613,71.59563881299229,86.44464499450326,70.77252793391406,0,,,False
2025-01-02 14:00:00+00:00,3.8687716801334817,71.64004244121568,74.82715078413705,69.64537002693615,0,,,False
2025-01-02 15:00:00+00:00,3.8056899914109903,67.04573269213283,77.12485727444998,68.58457656735008,0,,,False
2025-01-02 16:00:00+00:00,4.2851865180039415,70.25717436216462,84.30290438486546,69.6298192273315,0,,,False
2025-01-02 17:00:00+00:00,4.047672477321427,68.145203042578,81.49648710522497,70.76064950727687,0,,,False
2025-01-02 18:00:00+00:00,4.081351885955533,69.80531992625914,82.51844906409494,71.56295275711254,0,,,False
2025-01-02 19:00:00+00:00,3.912121587759676,67.28168950287211,80.38525472468646,70.63706048660568,0,,,False
2025-01-02 20:00:00+00:00,3.88766014472111,68.33336331864746,81.33996368622448,71.00015655323845,0,,,False
2025-01-02 21:00:00+00:00,3.6096130627554492,68.34007143367815,82.8370794500524,71.18147159907859,0,,,False
2025-01-02 22:00:00+00:00,4.191511114623877,70.79541837939816,78.33969984434373,71.49195153061414,0,,,False
2025-01-02 23:00:00+00:00,4.152046267519308,71.01008215239221,84.42635223473984,72.69667823295912,0,,,False
2025-01-03 00:00:00+00:00,4.049973964877659,70.29672188503672,77.87855244062477,72.93830763680164,0,,,False
2025-01-03 01:00:00+00:00,4.096254991821273,68.11407319392893,83.71426899469527,73.79901773670666,0,,,False
2025-01-03 02:00:00+00:00,4.251705483745649,69.66053762599981,83.23221375781142,73.75998925641466,0,,,False
2025-01-03 03:00:00+00:00,3.851165152300287,69.08757837861698,81.07025452734504,74.0225103434369,0,,,False
2025-01-03 04:00:00+00:00,4.057242428990538,71.7273207595099,83.46323102668283,74.74269041489384,0,,,False
2025-01-03 05:00:00+00:00,3.8579058809304945,71.51687992090011,79.75625369341394,72.49867547224778,0,,,False
2025-01-03 06:00:00+00:00,4.355481545670988,71.16197754453547,77.92086032163404,71.92466388496385,0,,,False
2025-01-03 07:00:00+00:00,4.159356599946691,68.21209489896178,79.41644052140644,71.14974676029104,0,,,False
2025-01-03 08:00:00+00:00,3.5605537352464243,64.93762305423772,76.32098185062216,70.1564091255731,0,,,False
2025-01-03 09:00:00+00:00,3.663929416292471,66.25893388005603,80.21162645282458,69.69792242417039,0,,,False
2025-01-03 10:00:00+00:00,4.00363185903698,71.6488010020655,77.51276503321242,71.7212017831406,0,,,False
2025-01-03 11:00:00+00:00,3.880405917794224,68.50108529746866,81.92767290391029,70.34322568816134,0,,,False
2025-01-03 12:00:00+00:00,3.7823670869266386,68.3456189684722,77.29206283451147,71.57235298623286,0,,,False
2025-01-03 13:00:00+00:00,4.256157014112908,71.17132251572649,76.97188946737803,69.02444025190712,0,,,False
2025-01-03 14:00:00+00:00,3.9364569953431063,70.43240532374077,76.30774175762792,68.44888468502761,0,,,False
2025-01-03 15:00:00+00:00,3.9713808780601427,68.60943268251158,82.26492571891491,68.57586533210636,0,,,False
2025-01-03 16:00:00+00:00,3.7927237870961643,68.34180521645713,79.87294775383353,69.2730328435103,0,,,False
2025-01-03 17:00:00+00:00,4.084479993636545,68.831652495077,78.94924414954076,70.0993477143223,0,,,False
2025-01-03 18:00:00+00:00,3.926038677527887,69.63752136094553,81.83702695274143,70.98925721121442,0,,,False
2025-01-03 19:00:00+00:00,3.909169551567534,71.46787974087863,73.37054794489208,70.22602939633076,0,,,False
2025-01-03 20:00:00+00:00,5.239170109847313,74.92829951688095,88.68862797589843,78.1153279350837,1,STOP_001,2025-01-03T22:00:00+00:00,True
2025-01-03 21:00:00+00:00,5.868945519060613,80.17014408803516,103.72232739243088,86.27033512825481,1,STOP_001,2025-01-03T22:00:00+00:00,True
2025-01-03 22:00:00+00:00,4.22390885886885,70.66353079090973,79.64097879657072,69.69875209101495,0,STOP_001,2025-01-03T22:00:00+00:00,True
2025-01-03 23:00:00+00:00,3.87538419262736,66.52918022497711,77.6742064826303,67.61231408837916,0,,,False
2025-01-04 00:00:00+00:00,3.99107302389033,68.86897994744342,77.56499861366828,65.78895702910786,0,,,False
2025-01-04 01:00:00+00:00,3.50073670454593,66.8535619395897,77.35715843275902,64.31805023860706,0,,,False
2025-01-04 02:00:00+00:00,3.552948864429674,63.68664778470584,69.14650656003123,64.8693019278833,0,,,False
2025-01-04 03:00:00+00:00,3.5105430096411916,64.27231268388233,70.10262704573323,64.88188998953684,0,,,False
2025-01-04 04:00:00+00:00,3.7989102640007557,66.16520146886253,76.42594455065671,65.64125962046856,0,,,False
2025-01-04 05:00:00+00:00,3.727221964532773,68.23246797747213,72.92299752896002,64.7854437819442,0,,,False
2025-01-04 06:00:00+00:00,3.6307880295503594,67.59991372809026,78.98551653021921,64.76404793359937,0,,,False
2025-01-04 07:00:00+00:00,3.5594571664485173,67.88981420188261,74.6253918968485,65.37754713706373,0,,,False
2025-01-04 08:00:00+00:00,3.4807176077691158,70.31778146616782,69.13861214558435,64.6378874737926,0,,,False
2025-01-04 09:00:00+00:00,3.715410530401355,65.59061646095077,71.42966908531606,64.9808362774683,0,,,False
2025-01-04 10:00:00+00:00,3.5837982201390153,67.07620890515749,65.91682226100201,63.72452978811029,0,,,False
2025-01-04 11:00:00+00:00,3.5078902615749965,67.33198341888395,72.77772543636374,62.917767115544095,0,,,False
2025-01-04 12:00:00+00:00,3.8728972418552043,65.5250645542026,72.21835793373545,62.09824743003365,0,,,False
2025-01-04 13:00:00+00:00,3.4920748605757685,66.08844666862748,69.85682209849635,60.15318850334358,0,,,False
2025-01-04 14:00:00+00:00,3.7566704417803254,63.78716075669667,74.76671059758827,60.62361585941065,0,,,False
2025-01-04 15:00:00+00:00,3.3913428109894004,68.03038068506112,74.35620336047104,59.718404530495235,0,,,False
2025-01-04 16:00:00+00:00,3.5218543520314882,64.82954231085587,70.06939979227768,59.506547132171775,0,,,False
2025-01-04 17:00:00+00:00,3.487387473187096,69.02958795458932,64.54630083526389,59.94162569140526,0,,,False
2025-01-04 18:00:00+00:00,3.2076919537604964,66.0397149772822,73.10238638709222,60.29475487719464,0,,,False
2025-01-04 19:00:00+00:00,3.7986802686742993,67.81927617174408,73.45146885252073,60.92398607881766,0,,,False
2025-01-04 20:00:00+00:00,3.4956057836894305,66.05293524954837,72.30469511073696,60.44296517678367,0,,,False
2025-01-04 21:00:00+00:00,3.6123644372654704,65.80727863648613,73.52905667174228,59.51131461625639,0,,,False
2025-01-04 22:00:00+00:00,3.323386364773626,64.84896623227836,66.72637803493245,59.08336744037127,0,,,False
2025-01-04 23:00:00+00:00,3.3086827785494815,65.10105100894168,73.97296731741682,56.40788371630753,0,,,False
2025-01-05 00:00:00+00:00,3.081272132096976,64.7257017541756,63.15971059281223,54.162345708515105,0,,,False
2025-01-05 01:00:00+00:00,3.370042130968372,62.47402826376697,66.59051419183184,52.16805342379915,0,,,False
2025-01-05 02:00:00+00:00,3.137421636526355,63.02155306944506,58.03046271425879,50.69706564411629,0,,,False
2025-01-05 03:00:00+00:00,3.171389011797508,62.45364754754731,60.75412750364997,51.22931948877662,0,,,False
2025-01-05 04:00:00+00:00,3.2900719115900032,66.4201545384963,66.9659715033858,49.90219478024682,0,,,False
2025-01-05 05:00:00+00:00,3.22917837811145,62.672316809596744,61.17022059697927,49.35637654821391,0,,,False
2025-01-05 06:00:00+00:00,3.2404767360101565,65.66928209091567,66.0154970949491,51.17144621123612,0,,,False
2025-01-05 07:00:00+00:00,2.8205345695844546,62.88286978412978,63.710392127124805,50.58767760113773,0,,,False
2025-01-05 08:00:00+00:00,2.9945621984421247,63.85416106200321,63.50327606448523,51.55076533233617,0,,,False
2025-01-05 09:00:00+00:00,2.8750930446805554,61.05657328694942,66.70097259231383,50.128731314724426,0,,,False
2025-01-05 10:00:00+00:00,3.1709123067361547,62.26243272475494,61.60030809495506,49.77680537518913,0,,,False
2025-01-05 11:00:00+00:00,3.0083172890898995,62.83313493668314,55.79022898039085,48.39110976833089,0,,,False
2025-01-05 12:00:00+00:00,2.7057299696150863,64.75248713089708,58.31514364677386,47.91160461485762,0,,,False
2025-01-05 13:00:00+00:00,2.9754607878467048,63.06253914110591,63.38734261411434,49.098549915305014,0,,,False
2025-01-05 14:00:00+00:00,2.6298755776167146,64.0676858620968,60.830825726624866,46.64035106769099,0,,,False
2025-01-05 15:00:00+00:00,2.919146113145375,63.152522205290595,55.50787277925462,47.30476179995404,0,,,False
2025-01-05 16:00:00+00:00,2.64699857577794,64.74087285250124,58.34298983113735,47.665902811014064,0,,,False
2025-01-05 17:00:00+00:00,3.003324680677245,61.96567488649585,58.07517755434464,46.8474607081781,0,,,False
2025-01-05 18:00:00+00:00,2.8871572062110857,65.0461602894774,57.04259885090643,44.869420744998955,0,,,False
2025-01-05 19:00:00+00:00,4.382801705905916,66.30104554298534,64.10482213503882,53.89713282452172,1,STOP_002,2025-01-05T21:00:00+00:00,True
2025-01-05 20:00:00+00:00,5.154013074377677,70.19294646382454,73.9190311184845,60.47546405040346,1,STOP_002,2025-01-05T21:00:00+00:00,True
2025-01-05 21:00:00+00:00,2.7465590308332937,59.66947803800874,56.02041426309124,44.94852437514097,0,STOP_002,2025-01-05T21:00:00+00:00,True
2025-01-05 22:00:00+00:00,2.9772546671648974,65.02988400984037,60.65908295304501,45.11115667501088,0,,,False
2025-01-05 23:00:00+00:00,2.6851845307369153,63.474264887640494,62.78846226432607,47.48364509571216,0,,,False
2025-01-06 00:00:00+00:00,2.7502562306086453,61.65549422840448,59.673148723079215,47.188917761583134,0,,,False
2025-01-06 01:00:00+00:00,2.9216069960380304,63.61780964707364,57.765994817384104,45.814252005878004,0,,,False
2025-01-06 02:00:00+00:00,2.4898542269151918,62.88713271907547,59.677290520080575,46.18531480466263,0,,,False
2025-01-06 03:00:00+00:00,2.8905891878693812,64.93104540144658,57.165528228385675,46.606180647944,0,,,False
2025-01-06 04:00:00+00:00,2.8039591390228287,60.26229429491776,57.88096046157595,48.61347848009209,0,,,False
2025-01-06 05:00:00+00:00,3.0599519228085477,62.54673752340168,59.5228731498632,49.81592561957689,0,,,False
2025-01-06 06:00:00+00:00,2.8699853339856185,62.39940378031327,60.85958710073024,50.31061952075836,0,,,False
2025-01-06 07:00:00+00:00,3.231895371404891,60.743014029806815,61.0029363931457,52.345126814732374,0,,,False
2025-01-06 08:00:00+00:00,3.0803284273763696,64.76948741461113,63.49333573160648,50.59665535813865,0,,,False
2025-01-06 09:00:00+00:00,3.288507834451756,62.50401829571574,64.43305088804334,49.6987104314026,0,,,False
2025-01-06 10:00:00+00:00,2.9813613066321976,63.64377407743921,56.419299029156825,48.44775756653124,0,,,False
2025-01-06 11:00:00+00:00,2.822165342053805,65.94313154780689,60.8852281315334,48.01157882104153,0,,,False
2025-01-06 12:00:00+00:00,2.835689852691715,61.33766317386276,58.631523963746154,46.22509570534725,0,,,False
2025-01-06 13:00:00+00:00,2.688387266855752,61.57060264813936,61.26446706929816,47.34110707375031,0,,,False
2025-01-06 14:00:00+00:00,2.9983278451034585,62.34615051629585,60.10428743720051,47.227180872366205,0,,,False
2025-01-06 15:00:00+00:00,2.9485141248693183,63.09647823302558,54.21675590359808,45.3853573451682,0,,,False
2025-01-06 16:00:00+00:00,3.2366321597782206,60.431109616524864,53.8428397078171,44.27059718163364,0,,,False
2025-01-06 17:00:00+00:00,2.7165665441810933,60.5768710875677,58.40432559600831,45.07771161088635,0,,,False
2025-01-06 18:00:00+00:00,2.84897726403212,63.566985820653066,62.69974818589441,46.60400638430338,0,,,False
2025-01-06 19:00:00+00:00,2.9332561372856674,63.48057679698736,55.6098550186902,49.70872603743436,0,,,False
2025-01-06 20:00:00+00:00,3.267778390003344,61.13022709749093,66.92958496673286,53.991064973327205,0,,,False
2025-01-06 21:00:00+00:00,3.3266520987425996,62.548230984371465,69.99676895265911,54.62106227858375,0,,,False
2025-01-06 22:00:00+00:00,3.187940779296685,66.23550880436626,64.82794489582012,53.27885002875149,0,,,False
2025-01-06 23:00:00+00:00,3.2639720308793687,63.725781530233036,64.49879328732132,50.409630352049405,0,,,False
2025-01-07 00:00:00+00:00,2.9854701678992397,62.16688262727812,61.269626241502905,51.033921746113315,0,,,False
2025-01-07 01:00:00+00:00,3.2337952258047924,62.78627816204395,62.260597237875906,50.139642159654755,0,,,False
2025-01-07 02:00:00+00:00,3.1405065236934857,62.97703440945645,57.515934412461704,49.857264667513135,0,,,False
2025-01-07 03:00:00+00:00,3.0177037788042127,63.90272780299374,54.8978320687016,49.33042587524496,0,,,False
2025-01-07 04:00:00+00:00,2.9710048650647627,60.813894643718804,64.90695165569564,49.50429912002331,0,,,False
2025-01-07 05:00:00+00:00,3.5489273798134504,62.15275751360634,60.71852867806076,51.38060407204009,0,,,False
2025-01-07 06:00:00+00:00,2.9897579274501873,63.98823019618683,62.773340062682976,51.92932187963914,0,,,False
2025-01-07 07:00:00+00:00,3.1951638774898803,63.460487500160596,60.069684791083446,52.03413123634591,0,,,False
2025-01-07 08:00:00+00:00,2.956671593751988,64.13586228325887,59.05796583377584,50.92691169767937,0,,,False
2025-01-07 09:00:00+00:00,3.3259297067425972,60.852525383899014,61.11938192620833,48.98928826646138,0,,,False
2025-01-07 10:00:00+00:00,3.1562032372265185,63.179523001358056,59.30212004728779,48.81276662317027,0,,,False
2025-01-07 11:00:00+00:00,2.8949841234888956,64.41795610693488,63.012224914612005,49.26860225956225,0,,,False
2025-01-07 12:00:00+00:00,3.24469689272894,64.41309311346605,65.79240025304146,52.27621764247375,0,,,False
2025-01-07 13:00:00+00:00,3.226446360229411,64.07574181230659,65.91925917985574,52.890247342214025,0,,,False
2025-01-07 14:00:00+00:00,3.1681651081759634,64.2638916983605,67.20433416237876,54.69239034069814,0,,,False
2025-01-07 15:00:00+00:00,3.382965461919218,63.05769595629706,70.94489389024955,54.36657561818104,0,,,False
2025-01-07 16:00:00+00:00,3.26014124640028,63.82577728468356,61.94291501733787,53.11258391114415,0,,,False
2025-01-07 17:00:00+00:00,3.189396079151618,65.56002751700159,64.2348568248207,52.23489579226993,0,,,False
2025-01-07 18:00:00+00:00,3.1210336601303506,63.34531862779294,67.38234339335598,51.74620462564378,0,,,False
2025-01-07 19:00:00+00:00,3.365635429703864,63.25226482288357,70.79003671424829,55.28990268968727,0,,,False
2025-01-07 20:00:00+00:00,3.297358984325198,63.63542406856229,62.12712737347899,54.57931567236788,0,STOP_003,2025-01-07T20:00:00+00:00,False
2025-01-07 21:00:00+00:00,3.341338005800949,65.17261681829021,66.86506756343194,56.2378045745877,0,,,False
2025-01-07 22:00:00+00:00,3.1779920915974214,64.06222871406328,71.17144579879968,55.40833236611517,0,,,False
2025-01-07 23:00:00+00:00,3.67870725946295,65.88681716543272,70.14101366463821,57.19620746946002,0,,,False
2025-01-08 00:00:00+00:00,3.2282433942749296,66.23305886830799,70.02403657146195,58.16264409061485,0,,,False
2025-01-08 01:00:00+00:00,3.5025894660933807,66.83757441524048,68.94189491282432,58.34699881544505,0,,,False
2025-01-08 02:00:00+00:00,3.38387609508569,67.74546873306387,68.74396420943133,58.70043174888773,0,,,False
2025-01-08 03:00:00+00:00,3.735435962918076,66.95190444933988,70.32932021715145,58.193721209271146,0,,,False
2025-01-08 04:00:00+00:00,3.3041402191227283,64.37708857593152,69.6151446128147,59.26149057384489,0,,,False
2025-01-08 05:00:00+00:00,3.32433717899268,64.35592877086587,70.05408371893576,59.03743480243423,0,,,False
2025-01-08 06:00:00+00:00,3.2244153159473417,65.21289323420673,69.3276890568851,57.755168162988234,0,,,False
2025-01-08 07:00:00+00:00,3.3990110069547304,64.26181894936501,65.95843437265455,56.46193995074712,0,,,False
2025-01-08 08:00:00+00:00,3.12961765835018,63.47095509004215,70.26864946634775,57.26148393494523,0,,,False
2025-01-08 09:00:00+00:00,3.414212964103549,65.33978292980683,79.74930903826747,60.00773540355438,0,,,False
2025-01-08 10:00:00+00:00,3.1425550615114646,65.48810333040633,66.23534615272067,60.66624243611634,0,,,False
2025-01-08 11:00:00+00:00,3.5845146354571966,65.26715366845247,72.75099252717038,60.91641759364757,0,,,False
2025-01-08 12:00:00+00:00,3.487818411762743,66.04536301302663,70.19006358721083,61.73015747419711,0,,,False
2025-01-08 13:00:00+00:00,3.409725794772495,68.9515163333457,76.08642122985096,63.9461335262273,0,,,False
2025-01-08 14:00:00+00:00,3.900517470322629,67.66624224712251,75.01393044485476,64.55795061749552,0,,,False
2025-01-08 15:00:00+00:00,3.456671207404433,70.98805527484136,76.9131990276088,64.26780553586049,0,,,False
2025-01-08 16:00:00+00:00,3.91873742028693,68.09101265290847,79.7263957888502,66.11750124626337,0,,,False
2025-01-08 17:00:00+00:00,3.6864716608493504,67.64929473354182,77.48304463757302,66.94797798149233,0,,,False
2025-01-08 18:00:00+00:00,4.206671457946194,68.79545672348242,82.29905283049285,69.29752466500038,0,,,False
2025-01-08 19:00:00+00:00,4.069674007573325,69.28310403810944,72.17914351822564,69.66122023481374,0,,,False
2025-01-08 20:00:00+00:00,3.680369943946783,69.06500467378399,82.60570748482567,68.0404124600913,0,,,False
2025-01-08 21:00:00+00:00,3.617672158366784,71.00004710721946,77.46596345789798,66.28326706143642,0,,,False
2025-01-08 22:00:00+00:00,4.005997709955543,67.37870712263475,81.73247889085538,68.82229273367038,0,,,False
2025-01-08 23:00:00+00:00,3.963968425462752,70.69654568053716,76.99630644640867,71.3599219775685,0,,,False
2025-01-09 00:00:00+00:00,3.970327405857375,69.650352943896,77.96741698969595,71.12909015824935,0,,,False
2025-01-09 01:00:00+00:00,4.206859566924291,66.82906386484616,80.46399457209024,70.61903492900696,0,,,False
2025-01-09 02:00:00+00:00,3.9370836842862724,70.96836604976123,81.75045364907504,72.70772625539699,0,,,False
2025-01-09 03:00:00+00:00,4.016474348610906,71.23504513866801,81.2944335235061,71.1120326582072,0,,,False
2025-01-09 04:00:00+00:00,4.116057650082341,67.67573304250003,82.6444554859274,69.87165882722059,0,,,False
2025-01-09 05:00:00+00:00,4.132884424622788,69.23488770958458,74.90782316978864,70.82762837140847,0,,,False
2025-01-09 06:00:00+00:00,3.93409139369214,66.49744643262751,82.66364438779597,70.28492608546358,0,,,False
2025-01-09 07:00:00+00:00,3.9115469526527553,67.20212371851505,79.78079038599152,70.30111136013853,0,,,False
2025-01-09 08:00:00+00:00,3.6408898776320187,70.59788877233113,78.96188023335786,70.08614801968413,0,,,False
2025-01-09 09:00:00+00:00,3.785598647181617,68.47186021339786,75.57252838533753,70.57161657469672,0,,,False
2025-01-09 10:00:00+00:00,4.120939691489652,68.09436240896761,83.15558547402549,72.52522290458222,0,,,False
2025-01-09 11:00:00+00:00,4.0397516907204665,70.10799377822143,74.4217856029193,72.54601077177931,0,,,False
2025-01-09 12:00:00+00:00,4.113290005091896,69.21506889251997,84.27479672943788,73.328958465555,0,,,False
2025-01-09 13:00:00+00:00,4.1504065112942765,68.38270659040433,75.27567654527266,70.29646359022546,0,,,False
2025-01-09 14:00:00+00:00,3.744124910223911,70.16127617087982,79.80852061289359,70.1742904412249,0,,,False
2025-01-09 15:00:00+00:00,3.8593849353736958,66.93671589343563,78.23388862822151,68.93105310612384,0,,,False
2025-01-09 16:00:00+00:00,3.8578553510383227,66.80120136513928,80.62648713034072,67.19749728054008,0,,,False
2025-01-09 17:00:00+00:00,4.8530443779486045,73.52974109963675,85.46012764196313,74.7954037047115,1,STOP_004,2025-01-09T19:00:00+00:00,True
2025-01-09 18:00:00+00:00,6.209111581187411,79.13041935732548,91.66711421830533,81.58768223734391,1,STOP_004,2025-01-09T19:00:00+00:00,True
2025-01-09 19:00:00+00:00,3.975415124845918,69.93637045593846,75.37106025591348,66.93043334567892,0,STOP_004,2025-01-09T19:00:00+00:00,True
2025-01-09 20:00:00+00:00,3.780099292371346,66.52157604276005,79.12295940562099,65.06389541100823,0,,,False
2025-01-09 21:00:00+00:00,4.054937741186777,68.95257225643034,76.99066019135348,65.15502268683623,0,,,False
2025-01-09 22:00:00+00:00,3.4329021606615906,66.17514196640383,73.67195037415726,64.50451802203148,0,,,False
2025-01-09 23:00:00+00:00,3.6822748561682213,69.96375126547515,73.75989960126552,64.08145748371653,0,,,False
2025-01-10 00:00:00+00:00,3.814335119980097,65.95530656568351,70.99036418904747,65.51987701271037,0,,,False
2025-01-10 01:00:00+00:00,3.6158143042521456,69.86227963402126,77.46251328641671,66.23187139277891,0,,,False
2025-01-10 02:00:00+00:00,3.914834273799578,67.41997521492117,72.53388193983646,68.0156812504975,0,,,False
2025-01-10 03:00:00+00:00,3.6437373778144346,71.30601786016692,79.73280923510224,67.62049392658339,0,,,False
2025-01-10 04:00:00+00:00,3.915174775531239,68.82614414822454,76.8801600998203,66.46387684981941,0,,,False
2025-01-10 05:00:00+00:00,3.960185417869092,66.27447626992692,83.25660841349966,65.99500354679752,0,,,False
2025-01-10 06:00:00+00:00,3.8270374761590564,67.07009204039262,72.95103432466183,66.17816586568794,0,,,False
2025-01-10 07:00:00+00:00,3.4473840009675403,69.04435585903049,75.9976685385969,66.24194683731623,0,,,False
2025-01-10 08:00:00+00:00,3.5292852732994553,68.93435400715228,80.23512734816788,64.51795793576315,0,,,False
2025-01-10 09:00:00+00:00,3.8035991996219956,67.24026927270415,78.38880645836498,64.48780886763616,0,,,False
2025-01-10 10:00:00+00:00,3.712242685744282,67.45650028752559,72.84831696582137,64.63170955360125,0,,,False
2025-01-10 11:00:00+00:00,3.3730455858561164,69.52396992923786,78.433483362557,67.95480126757253,0,,,False
2025-01-10 12:00:00+00:00,4.183974830164186,69.26613338096891,79.69989933386123,70.2281191348423,0,,,False
2025-01-10 13:00:00+00:00,3.910179536060488,66.6302851438911,79.12907116206199,68.56847477632886,0,,,False
2025-01-10 14:00:00+00:00,3.7012090547504704,67.10482225817626,75.48942802826566,67.74761098378842,0,,,False
2025-01-10 15:00:00+00:00,3.9172959980608324,67.94070651805305,75.23144750132019,65.29342201108517,0,,,False
2025-01-10 16:00:00+00:00,3.5643300923763226,69.06513892274364,69.72460288516163,64.13971765999032,0,,,False
2025-01-10 17:00:00+00:00,3.568754487584379,69.70847942793065,75.04480343205239,64.28168597229194,0,,,False
2025-01-10 18:00:00+00:00,3.8185394747192554,68.8628674480687,77.14851975151483,65.64524438970508,0,,,False
2025-01-10 19:00:00+00:00,4.010780998977537,67.69889665031404,73.91029653688692,64.22653502919832,0,,,False
2025-01-10 20:00:00+00:00,3.925039444856769,68.00851251445138,68.66317377043237,62.95097228492556,0,,,False
2025-01-10 21:00:00+00:00,3.5475512897458534,64.88522852431048,73.64076752081321,59.6178493320692,0,,,False
2025-01-10 22:00:00+00:00,3.54627106001918,65.5237645024535,71.39547278536072,59.17870314280273,0,,,False
2025-01-10 23:00:00+00:00,3.5290719644090713,64.00781829554947,66.67999544331336,57.48004792519562,0,,,False
2025-01-11 00:00:00+00:00,3.119775468882694,63.10043628693295,67.24992423463694,56.57850067664839,0,,,False
2025-01-11 01:00:00+00:00,3.4004000979320366,65.06334616575217,62.42655596183177,55.21007549432621,0,,,False
2025-01-11 02:00:00+00:00,3.1417848368591708,64.77105703404382,63.65333299347194,54.97595691388902,0,,,False
2025-01-11 03:00:00+00:00,3.2156317321272656,64.75351659412273,62.93233991844633,52.40679289119736,0,,,False
2025-01-11 04:00:00+00:00,3.0240107099767237,63.91886696597897,66.46774355915463,50.332330732134324,0,,,False
2025-01-11 05:00:00+00:00,3.2914714198881856,64.37232588036997,63.43850833525941,53.361198244613924,0,,,False
2025-01-11 06:00:00+00:00,3.1374852791514765,64.27643603485176,65.67158891426999,51.47170345445142,0,,,False
2025-01-11 07:00:00+00:00,2.492868558732074,62.9094020721915,60.80976042159129,49.911422388442396,0,,,False
2025-01-11 08:00:00+00:00,3.1950653958758655,64.37176967795982,65.37573500707991,52.508108617087395,0,,,False
2025-01-11 09:00:00+00:00,3.45738449108421,63.85609646043941,67.58753384289729,56.48437688156317,0,,,False
2025-01-11 10:00:00+00:00,3.336502973075058,64.92946469095294,69.01473624067859,54.58301934164748,0,,,False
2025-01-11 11:00:00+00:00,3.205764203866107,65.16415768915336,64.18657094214663,53.87177053741448,0,,,False
2025-01-11 12:00:00+00:00,3.5333661630576425,63.247324914626155,61.329315244073655,54.17282352244821,0,,,False
2025-01-11 13:00:00+00:00,3.393808295094932,64.99615569417615,63.789640952021955,56.39469181895629,0,,,False
2025-01-11 14:00:00+00:00,3.341069419154503,63.47985106968758,64.914256214878,54.717516113772085,0,,,False
2025-01-11 15:00:00+00:00,3.4242189511041348,63.45164268972604,62.27012783571645,54.13800911500073,0,,,False
2025-01-11 16:00:00+00:00,4.5505588526576055,68.31455338542821,77.88615373160277,63.806491393604844,1,STOP_005,2025-01-11T18:00:00+00:00,True
2025-01-11 17:00:00+00:00,5.329312464937384,76.50503345809611,83.65408020474021,71.35457023448757,1,STOP_005,2025-01-11T18:00:00+00:00,True
2025-01-11 18:00:00+00:00,2.815766913214948,65.96297874671527,73.48976410654569,54.548169948784,0,STOP_005,2025-01-11T18:00:00+00:00,True
2025-01-11 19:00:00+00:00,3.149015824766491,65.03880136220597,60.77936619370603,54.108835269549914,0,,,False
2025-01-11 20:00:00+00:00,3.2745370983278512,66.54207328571071,64.76494104988191,51.94593119265,0,,,False
2025-01-11 21:00:00+00:00,3.0520587639820476,63.15357214606243,60.35555622040888,51.458135636383396,0,,,False
2025-01-11 22:00:00+00:00,3.2368883650042233,67.83215200928936,61.82590307428497,50.948361288744714,0,,,False
2025-01-11 23:00:00+00:00,3.1287819590524983,63.005445126200826,63.90668629288434,51.155797497485544,0,,,False
2025-01-12 00:00:00+00:00,3.293196941291476,63.45842368526257,55.73818123865802,50.25211219209516,0,,,False
2025-01-12 01:00:00+00:00,3.0338821069552875,62.6501405573364,63.909766063729755,50.822691427489026,0,,,False
2025-01-12 02:00:00+00:00,3.2299951594234226,64.19731827769873,70.01874054337924,52.12943312536087,0,,,False
2025-01-12 03:00:00+00:00,3.239423528841606,64.90918383999764,62.99767587470432,52.18587149389425,0,,,False
2025-01-12 04:00:00+00:00,3.4335940129980043,63.58449658324964,65.41964189343277,52.51790390943088,0,,,False
2025-01-12 05:00:00+00:00,2.8518145565265893,66.39180824845482,67.63382909974831,52.42242825926133,0,,,False
2025-01-12 06:00:00+00:00,3.0692360753990364,64.03705435907423,63.93007572427044,52.26110144041345,0,,,False
2025-01-12 07:00:00+00:00,3.2522942712576812,63.736137227750305,61.69327868872973,51.10136382861668,0,,,False
2025-01-12 08:00:00+00:00,3.393399830298281,62.070759884483586,56.903183996554866,51.4475214208472,0,,,False
2025-01-12 09:00:00+00:00,3.1475529880114617,63.990016050064824,65.44939656652946,51.20755812746417,0,,,False
2025-01-12 10:00:00+00:00,3.179636276894385,64.01444601205431,65.60437416007365,54.051622810894514,0,,,False
2025-01-12 11:00:00+00:00,3.4591045675951215,63.90646214755221,64.61527671358358,56.06273913852715,0,,,False
2025-01-12 12:00:00+00:00,3.4916753781638654,63.737347698591876,68.2689581781406,56.34019770271472,0,,,False
2025-01-12 13:00:00+00:00,3.210626328199905,68.51008127203517,65.00586150304852,55.008120674667126,0,,,False
2025-01-12 14:00:00+00:00,3.2557490025845888,63.58007536734898,63.67804679406978,53.25097080872513,0,,,False
2025-01-12 15:00:00+00:00,3.478518152802882,62.254676839286276,68.39931255129099,54.800516568193956,0,,,False
2025-01-12 16:00:00+00:00,3.6153022502409398,63.45279868674473,62.735223582335294,55.00043625447863,0,,,False
2025-01-12 17:00:00+00:00,3.4315950653330334,64.57548939192355,70.32499578644524,55.50947050379291,0,,,False
2025-01-12 18:00:00+00:00,3.18830604650642,64.68907418296881,60.76931680710304,52.89691211348029,0,,,False
2025-01-12 19:00:00+00:00,3.2267323979179854,65.07530097995337,64.03403000080283,54.143687324551315,0,,,False
2025-01-12 20:00:00+00:00,3.361513949054796,65.42280561939775,72.25784265877645,54.6929459724432,0,,,False
2025-01-12 21:00:00+00:00,3.1661849980841676,62.94608360491379,68.46995746872501,53.04458021623263,0,,,False
2025-01-12 22:00:00+00:00,3.1908881572456442,64.22234644806308,64.80925502878348,52.372285942702554,0,,,False
2025-01-12 23:00:00+00:00,2.9843400444132944,62.51762928402648,62.03494504737465,52.77239493397448,0,,,False
2025-01-13 00:00:00+00:00,3.4129531897837397,62.93375482158119,63.35797108552324,52.87739765367403,0,,,False
2025-01-13 01:00:00+00:00,2.9578428761325717,62.37727738504517,64.85570834301117,52.51280282265186,0,,,False
2025-01-13 02:00:00+00:00,3.082220628532502,61.95075502086289,64.69036155483963,52.44446100920098,0,,,False
2025-01-13 03:00:00+00:00,3.1660658585110784,65.25297471033869,64.0879252294352,52.18886825683894,0,,,False
2025-01-13 04:00:00+00:00,3.5221426394487425,64.79135089192691,64.5563969223801,52.528111134861945,0,,,False
2025-01-13 05:00:00+00:00,3.186266026336147,65.8806578123643,65.86791065017647,54.71886585799036,0,,,False
2025-01-13 06:00:00+00:00,2.983552498706048,63.41520523382924,59.18339809165955,51.18745211597599,0,,,False
2025-01-13 07:00:00+00:00,2.999370060493802,64.48865891905696,61.866901990668666,51.07815790253078,0,,,False
2025-01-13 08:00:00+00:00,3.4193100247623653,60.82945612365171,66.5794778153712,51.57130076871842,0,,,False
2025-01-13 09:00:00+00:00,2.6441969349364736,64.96409390218508,60.29180787851163,52.231542083723504,0,,,False
2025-01-13 10:00:00+00:00,2.9572576166107214,63.85068280365732,63.58884213155655,51.95001019549927,0,,,False
2025-01-13 11:00:00+00:00,3.5308698675405132,63.86891706616904,59.83745410053246,49.76084221981764,0,,,False
2025-01-13 12:00:00+00:00,3.1832583196158204,63.74936525782175,63.34215383106603,50.59776769749612,0,,,False
2025-01-13 13:00:00+00:00,3.00303578614652,62.53350444837854,64.20734746732049,53.38029060061288,0,,,False
2025-01-13 14:00:00+00:00,3.110216425804702,61.20468475422117,68.21212351062927,51.50581472435913,0,,,False
2025-01-13 15:00:00+00:00,4.410879852183475,68.35683895266729,76.54035670140567,61.88306733980579,1,STOP_006,2025-01-13T17:00:00+00:00,True
2025-01-13 16:00:00+00:00,5.5349567287736825,74.73173715198052,79.07028065453663,68.94787076690386,1,STOP_006,2025-01-13T17:00:00+00:00,True
2025-01-13 17:00:00+00:00,3.525651049234482,64.99874171427255,67.24389704411793,53.212015305031564,0,STOP_006,2025-01-13T17:00:00+00:00,True
2025-01-13 18:00:00+00:00,3.214309898941306,61.57722389266752,61.95860013931137,52.09712436246771,0,,,False
2025-01-13 19:00:00+00:00,3.0451884698135827,62.14402004450378,62.51340665703469,52.05223031902035,0,,,False
2025-01-13 20:00:00+00:00,3.3859325029304057,63.21019516010693,67.11076167920623,54.31682896339397,0,,,False
2025-01-13 21:00:00+00:00,3.172069872302675,64.1157447945197,65.7045811647494,55.50567461639978,0,,,False
2025-01-13 22:00:00+00:00,3.2363926246423578,63.439546246523584,72.21266451190944,58.275408309341856,0,,,False
2025-01-13 23:00:00+00:00,3.1911422562106755,63.919761371875374,68.82618037520227,60.17613007028525,0,,,False
2025-01-14 00:00:00+00:00,3.262623776794269,65.06289297408428,69.98082377853014,60.98548639565203,0,,,False
2025-01-14 01:00:00+00:00,3.5009649561511464,67.21154798269427,72.09702779969986,63.607224094522564,0,,,False
2025-01-14 02:00:00+00:00,3.4821621197464214,65.52353700992029,72.97063122699471,64.31476173183508,0,,,False
2025-01-14 03:00:00+00:00,3.8063920647703506,67.49302466732837,79.01997614145381,65.55576644095338,0,,,False
2025-01-14 04:00:00+00:00,3.517634366217231,69.14467385664977,77.29744867273588,65.1894821081235,0,,,False
2025-01-14 05:00:00+00:00,3.1754514804041767,65.65607315900394,80.68793636322147,65.36247588374735,0,,,False
2025-01-14 06:00:00+00:00,3.513459935218578,67.03275839334873,81.60647586609733,64.47475676988182,0,,,False
2025-01-14 07:00:00+00:00,3.6850470551338477,69.33701371211751,73.00750497009514,65.99959537163785,0,,,False
2025-01-14 08:00:00+00:00,3.590957837128429,66.70552238075685,74.98787811983911,64.44308322100852,0,,,False
2025-01-14 09:00:00+00:00,4.030367884486093,66.8518517451153,72.32307518071134,65.70785427134311,0,,,False
2025-01-14 10:00:00+00:00,3.640362503680884,69.41724481714593,73.4045186545328,65.5733369856207,0,,,False
2025-01-14 11:00:00+00:00,3.9899343491957358,67.74981772034188,75.36892817916406,67.36373612933068,0,,,False
2025-01-14 12:00:00+00:00,3.8793630227481146,70.20860847574616,75.05882220174227,68.506219793126,0,,,False
2025-01-14 13:00:00+00:00,3.99243650089269,69.97712376344919,77.28975259878686,71.11225225586129,0,,,False
2025-01-14 14:00:00+00:00,3.894090763868413,69.11546112637565,80.85137649737037,72.09909368580132,0,,,False
2025-01-14 15:00:00+00:00,3.9318898213700915,69.66934045359382,75.70762460831712,69.83268219232511,0,,,False
2025-01-14 16:00:00+00:00,3.8020894967326555,69.41271960126366,81.83384264714762,69.77348443498201,0,,,False
2025-01-14 17:00:00+00:00,3.898626600531284,69.9848057246068,75.19827028487283,68.17827164367692,0,,,False
2025-01-14 18:00:00+00:00,3.79812599183017,67.44848786455202,85.8632243957796,67.5700205711652,0,,,False
2025-01-14 19:00:00+00:00,3.772522824699783,69.01218145133423,78.0052349753986,69.83457450387269,0,,,False
2025-01-14 20:00:00+00:00,4.1641698755663565,69.14525244339471,80.3890431536892,70.79175320933888,0,,,False
2025-01-14 21:00:00+00:00,4.019864349681549,70.00977596764429,75.48237875295831,69.84517918394872,0,,,False
2025-01-14 22:00:00+00:00,3.8018732786092593,67.01239501336616,83.34373938864148,68.50054601677476,0,,,False
2025-01-14 23:00:00+00:00,3.916733128033531,70.12909476947128,81.73545143423317,68.67876399038168,0,,,False
2025-01-15 00:00:00+00:00,3.8045883799861335,68.83066938396553,77.92908025171977,67.10392075236638,0,,,False
2025-01-15 01:00:00+00:00,3.62994274589181,65.93200648687858,72.36387562942396,66.35798032442665,0,,,False
2025-01-15 02:00:00+00:00,3.8285793764857265,69.91832793996686,77.59881278812118,67.01977900582038,0,,,False
2025-01-15 03:00:00+00:00,3.785855396708422,72.00205637168825,75.14663765500795,68.83638916830554,0,,,False
2025-01-15 04:00:00+00:00,3.77158649656578,70.44724820084011,83.72980798888204,69.81499082171996,0,,,False
2025-01-15 05:00:00+00:00,3.5091035698123525,70.1484884125752,79.11694943714346,66.69337087245171,0,,,False
2025-01-15 06:00:00+00:00,3.7652420497663344,68.3266662284258,77.51570972419198,67.32869718673973,0,,,False
2025-01-15 07:00:00+00:00,3.944535266920353,65.79094627502745,70.15995003172449,67.61067884878406,0,,,False
2025-01-15 08:00:00+00:00,3.751003464118666,65.74076697476112,75.15277040997474,68.35649217170803,0,,,False
2025-01-15 09:00:00+00:00,4.437541213231288,69.60804739008732,82.2019856469424,70.75141441428563,0,,,False
2025-01-15 10:00:00+00:00,4.014662290065119,67.4802909377892,81.3487186650913,67.89419716461393,0,,,False
2025-01-15 11:00:00+00:00,4.059064771476067,66.79003789982352,80.45289933353426,67.20634105771514,0,,,False
2025-01-15 12:00:00+00:00,4.011878507401885,68.36411174223771,73.18895100314936,68.19410589396908,0,,,False
2025-01-15 13:00:00+00:00,4.107717489975831,68.75138989503785,77.08402414963548,66.09337321081972,0,,,False
2025-01-15 14:00:00+00:00,3.734043687836178,66.32555731226502,81.1431776079388,68.34897877469413,0,,,False
2025-01-15 15:00:00+00:00,3.442029993313395,68.01310172112574,73.63651139930114,68.95472717182103,0,,,False
2025-01-15 16:00:00+00:00,3.8785184885753936,71.32361334520655,79.64290719537085,70.1960244017536,0,STOP_007,2025-01-15T16:00:00+00:00,False
2025-01-15 17:00:00+00:00,4.023149600246718,67.20486914065567,79.80529870939064,69.39267236995914,0,,,False
2025-01-15 18:00:00+00:00,4.001972883855364,70.46930730701895,79.06425856989577,70.54888508757173,0,,,False
2025-01-15 19:00:00+00:00,4.089747029419239,68.8739835873101,75.64657366775822,72.00359909877862,0,,,False
2025-01-15 20:00:00+00:00,4.28756441157747,70.48402804708755,80.40802832383122,72.21779135770872,0,,,False
2025-01-15 21:00:00+00:00,4.127328650362384,71.3697131738652,80.56862912957413,72.41240637686965,0,,,False
2025-01-15 22:00:00+00:00,4.2124152366084955,70.90266204809161,81.29621107959663,72.63579799204692,0,,,False
2025-01-15 23:00:00+00:00,3.837071975562008,70.73836119729086,78.87101413997321,71.24873931323344,0,,,False
2025-01-16 00:00:00+00:00,3.793526584765049,67.54392602538097,78.93969312917216,70.90438775164301,0,,,False
2025-01-16 01:00:00+00:00,4.265351642381843,70.83589713502818,79.84953594855506,70.55135858305412,0,,,False
2025-01-16 02:00:00+00:00,4.010766398436383,68.0049878087805,81.6321083436519,70.94675826910913,0,,,False
2025-01-16 03:00:00+00:00,3.9355984358654195,70.04117724092879,80.43366939038256,72.17288197523831,0,,,False
2025-01-16 04:00:00+00:00,3.8584590688985485,69.52276979874271,78.65468801659546,70.45133506082288,0,,,False
2025-01-16 05:00:00+00:00,3.837128519868202,69.75415505005829,79.85206388139949,70.08823737251308,0,,,False
2025-01-16 06:00:00+00:00,3.911080769048082,70.09672429966584,75.41257186477853,71.97096428525185,0,,,False
2025-01-16 07:00:00+00:00,3.7480675186930688,67.92784585329109,81.47952770806756,70.64520273692727,0,,,False
2025-01-16 08:00:00+00:00,3.6458993829018995,66.74836591690037,78.85561730877228,69.24389011781314,0,,,False
2025-01-16 09:00:00+00:00,3.8840404067336514,70.1027976513523,79.03619203545334,69.31424877136548,0,,,False
2025-01-16 10:00:00+00:00,3.855048557269827,69.35725329246169,82.60462363030283,70.2616714206111,0,,,False
2025-01-16 11:00:00+00:00,4.1486488984881955,70.71980010882606,73.62946881079174,69.98578282463117,0,,,False
2025-01-16 12:00:00+00:00,4.0723238304194975,69.39670081759455,74.89259901057278,71.54600072958785,0,,,False
2025-01-16 13:00:00+00:00,4.104097908405474,67.60119163226081,82.33006969358658,72.36312724425416,0,,,False
2025-01-16 14:00:00+00:00,3.9560451308179156,71.38123988269093,82.11944462463799,73.10681787061593,0,,,False
2025-01-16 15:00:00+00:00,4.081128708347172,69.46386957342546,82.89890304534094,73.3980849597237,0,,,False
2025-01-16 16:00:00+00:00,4.2913113673054575,71.35521297714352,83.3332075156833,76.14069263670663,0,,,False
2025-01-16 17:00:00+00:00,4.3132599752433265,69.59110913791436,85.91957281784845,75.20766093544546,0,,,False
2025-01-16 18:00:00+00:00,4.012940793219021,71.99872804529939,83.80603038882842,71.77425159982948,0,,,False
2025-01-16 19:00:00+00:00,4.302152091226481,68.73788483671268,83.93468775531912,73.50910690995829,0,,,False
2025-01-16 20:00:00+00:00,4.053495524861767,69.17423836389632,80.6452664441104,72.26794331685194,0,,,False
2025-01-16 21:00:00+00:00,4.175892861744728,69.71570892345628,74.74811680048597,71.84845289803435,0,,,False
2025-01-16 22:00:00+00:00,4.001706122044425,68.2942566399727,84.44987732748696,73.10843376867714,0,,,False
2025-01-16 23:00:00+00:00,3.633724411667513,69.56238141054718,83.35389199870583,70.22200705888596,0,,,False
2025-01-17 00:00:00+00:00,3.9048228366585556,70.79465384163605,79.66790825801722,67.92262708478269,0,,,False
2025-01-17 01:00:00+00:00,3.8648603529933476,66.82632023647247,72.78677757085107,65.2067115917101,0,,,False
2025-01-17 02:00:00+00:00,3.770542950198209,67.70591709836657,76.1754579788237,63.71067623272992,0,,,False
2025-01-17 03:00:00+00:00,3.7552427749971207,63.07084142719805,76.96740689160931,63.98331502085292,0,,,False
2025-01-17 04:00:00+00:00,3.632793213442146,67.24519864803304,79.36996068155142,64.34530816253431,0,,,False
2025-01-17 05:00:00+00:00,3.5495456548551285,66.82883643854626,72.0504698517169,64.32799955811855,0,,,False
2025-01-17 06:00:00+00:00,3.6861333707621116,65.35106881194596,71.96061269045862,61.92938405187181,0,,,False
2025-01-17 07:00:00+00:00,3.5026692622405786,67.12823388660873,71.84231433623381,58.35352727388642,0,,,False
2025-01-17 08:00:00+00:00,3.3186902351670406,64.97498162102377,69.65454712078314,58.21449047819843,0,,,False
2025-01-17 09:00:00+00:00,3.5794773838410614,64.93232396793623,65.37721442314655,57.32846732858869,0,,,False
2025-01-17 10:00:00+00:00,3.2405569410981214,64.76402891259431,70.3450004919509,57.76606074925976,0,,,False
2025-01-17 11:00:00+00:00,3.3279534497385703,62.67802724515877,71.47019621773026,58.51083684268795,0,,,False
2025-01-17 12:00:00+00:00,3.7235593366501436,63.82870566274217,69.9228304370896,58.42228440952541,0,,,False
2025-01-17 13:00:00+00:00,4.830082625859818,72.69989274296508,80.87380357059665,67.99417504594919,1,STOP_008,2025-01-17T15:00:00+00:00,True
2025-01-17 14:00:00+00:00,5.598602941228746,72.58870480494092,87.52583615818195,75.17876925086956,1,STOP_008,2025-01-17T15:00:00+00:00,True
2025-01-17 15:00:00+00:00,3.5324992927080427,64.72233207539112,75.07161792328978,59.57268366604896,0,STOP_008,2025-01-17T15:00:00+00:00,True
2025-01-17 16:00:00+00:00,3.447329662158592,64.86353363652736,66.77674565825431,58.210379069873355,0,,,False
2025-01-17 17:00:00+00:00,2.89898227016494,67.90338457334313,67.22056773352504,57.62650590801929,0,,,False
2025-01-17 18:00:00+00:00,3.2280464753979627,66.4276508902657,68.97806805964248,57.58248414007047,0,,,False
2025-01-17 19:00:00+00:00,3.419016356654724,64.68536919431631,72.28004954030791,58.40374994965321,0,,,False
2025-01-17 20:00:00+00:00,3.3225538129245518,67.2017297370415,64.36859819859289,57.483197304560605,0,,,False
2025-01-17 21:00:00+00:00,3.448722968986673,64.25085631802963,65.26039488891742,57.87210016260439,0,,,False
2025-01-17 22:00:00+00:00,3.5744342976846486,66.65449958129449,62.45255579126072,57.13616625231161,0,,,False
2025-01-17 23:00:00+00:00,3.2905001974443966,62.950861722329506,68.23408885086623,56.630591970713425,0,,,False
2025-01-18 00:00:00+00:00,3.195557223655622,66.84945399406865,65.49052307980432,57.4652241546164,0,,,False
2025-01-18 01:00:00+00:00,3.3024124410522258,63.683727148595096,65.0096445842174,54.30975872267194,0,,,False
2025-01-18 02:00:00+00:00,3.0925227764275887,62.13267681505339,66.39786190299344,52.25144392155096,0,,,False
2025-01-18 03:00:00+00:00,3.0224480983102704,62.67788143677362,60.58556293075103,50.011989521293614,0,,,False
2025-01-18 04:00:00+00:00,2.847516420398919,62.41625420189014,60.36118687644125,46.667459774366066,0,,,False
2025-01-18 05:00:00+00:00,3.2632879508578996,60.989591666584246,58.00851016180115,45.772381041242724,0,,,False
2025-01-18 06:00:00+00:00,2.5076633619035444,62.904197784880814,61.89060093530482,46.91089175295942,0,,,False
2025-01-18 07:00:00+00:00,2.825104524155952,61.092206685969416,60.997693817862995,46.55565837155173,0,,,False
2025-01-18 08:00:00+00:00,2.909433349778038,62.99787442019536,57.78159376115476,46.89105276432775,0,,,False
2025-01-18 09:00:00+00:00,2.8402084878434204,63.20209400275037,60.68720065060247,48.462536365651566,0,,,False
2025-01-18 10:00:00+00:00,3.2257995200834206,63.00082121994029,65.89247996550104,50.30735267334066,0,,,False
2025-01-18 11:00:00+00:00,3.202055657567166,62.375721700768615,63.78721692382865,50.125983897725135,0,,,False
2025-01-18 12:00:00+00:00,3.1290490623785483,63.81161048502447,59.96462848564689,51.94766430458857,0,,,False
2025-01-18 13:00:00+00:00,3.0883640089268254,64.40594918047515,66.11179845363385,51.93522855308201,0,,,False
2025-01-18 14:00:00+00:00,3.0580876980534395,66.28096491719832,59.779588998977175,50.62755396033634,0,,,False
2025-01-18 15:00:00+00:00,3.0184833583207875,64.32476367254655,66.498499489456,49.718776799497626,0,,,False
2025-01-18 16:00:00+00:00,2.928475033187665,63.747866113059104,63.54329321980656,47.61293729445116,0,,,False
2025-01-18 17:00:00+00:00,2.8554491234206676,66.56136137024836,60.334003481969376,46.428643593193144,0,,,False
2025-01-18 18:00:00+00:00,2.9173575023615084,62.586715220050955,59.607901460856276,46.04259168299729,0,,,False
2025-01-18 19:00:00+00:00,3.0644234408372357,62.91926706142235,59.58442498287301,47.307672648182674,0,,,False
2025-01-18 20:00:00+00:00,2.8202904316584836,64.00093766632399,64.3794978429177,49.81638351613838,0,,,False
2025-01-18 21:00:00+00:00,2.7659978543218724,60.85400007484322,59.59543777508634,47.89149680408532,0,,,False
2025-01-18 22:00:00+00:00,2.6695753191630662,61.896204641839205,61.96587138524381,48.540190321557795,0,,,False
2025-01-18 23:00:00+00:00,3.078532127137413,61.391283400448465,62.708992117604765,47.168457668289896,0,,,False
2025-01-19 00:00:00+00:00,3.00442015608732,63.36716738791626,59.10252856533616,47.98582140695638,0,,,False
2025-01-19 01:00:00+00:00,3.0480640461935007,62.11951077883889,58.89694420951151,47.935908740568934,0,,,False
2025-01-19 02:00:00+00:00,2.591196669477221,61.86404415409576,55.110912436165485,45.522363386281015,0,,,False
2025-01-19 03:00:00+00:00,3.24002292640256,63.75606369211693,56.82708008698848,47.082939206314116,0,,,False
2025-01-19 04:00:00+00:00,2.780644366093357,63.229642971786355,53.9970785129109,46.449722879100484,0,,,False
2025-01-19 05:00:00+00:00,2.898348765083239,61.54456329412622,61.253063296662845,45.9571493289603,0,,,False
2025-01-19 06:00:00+00:00,2.967555328496365,60.42011461851105,63.46454754042875,44.750357546094634,0,,,False
2025-01-19 07:00:00+00:00,2.6109042753071035,62.95998297314909,61.83768764480728,44.190236252231024,0,,,False
2025-01-19 08:00:00+00:00,2.734975191937674,62.71626061449783,53.52878075633069,45.18474614377675,0,,,False
2025-01-19 09:00:00+00:00,2.87043958005508,59.178539176736415,60.673683159843804,45.29308134726495,0,,,False
2025-01-19 10:00:00+00:00,3.3906508756108225,61.37230723848541,63.485427132506196,46.140127156159444,0,,,False
2025-01-19 11:00:00+00:00,2.9700205351229676,62.35372706908916,58.59502270663207,47.01817958688007,0,,,False
2025-01-19 12:00:00+00:00,3.304134468206079,63.93484098296522,62.14303211258721,49.22198802427889,0,,,False
2025-01-19 13:00:00+00:00,3.2232696882602823,64.07347572324787,55.64990404329423,49.02774493612734,0,,,False
2025-01-19 14:00:00+00:00,2.993515623319444,62.60768444676608,60.98204726477139,47.2727514833429,0,,,False
2025-01-19 15:00:00+00:00,2.8345528908011985,63.62859216166976,58.603029928151685,49.169069548771574,0,STOP_009,2025-01-19T15:00:00+00:00,False
2025-01-19 16:00:00+00:00,3.1980472774281767,62.811482720106525,62.29219135059588,49.05092505513099,0,,,False
2025-01-19 17:00:00+00:00,2.824519146346035,62.283749186680375,58.65088360379515,50.98175572983741,0,,,False
2025-01-19 18:00:00+00:00,3.4205752705083325,63.157555068414496,65.68535436253252,51.831505516587924,0,,,False
2025-01-19 19:00:00+00:00,3.173610619758199,63.61255120848625,67.22838724043733,51.94688142842029,0,,,False
2025-01-19 20:00:00+00:00,2.6966875279831752,63.77283290161776,62.48754044868382,52.749505922152146,0,,,False
2025-01-19 21:00:00+00:00,3.24895088281479,61.906587176138274,64.00491409871186,55.78315510934492,0,,,False
2025-01-19 22:00:00+00:00,3.567841186035254,65.07131218606668,63.58995290632241,58.89179062820277,0,,,False
2025-01-19 23:00:00+00:00,3.4161770307385932,65.8099173322054,69.4233178133942,59.085362841905585,0,,,False
2025-01-20 00:00:00+00:00,3.6025180758568602,65.4033918779949,68.76065098373994,59.41815621951148,0,,,False
2025-01-20 01:00:00+00:00,3.3937872430562046,65.94170826169541,67.23078296868373,61.03981318320928,0,,,False
2025-01-20 02:00:00+00:00,3.2615701800166437,66.70963377032963,72.29572195895099,59.92548904707585,0,,,False
2025-01-20 03:00:00+00:00,3.5107790326933577,64.5391589210399,70.09660717564245,60.525315672042815,0,,,False
2025-01-20 04:00:00+00:00,3.533481467360953,63.74326766073163,68.29789657209659,60.61776993886152,0,,,False
2025-01-20 05:00:00+00:00,3.491339098172932,65.83806718950599,70.35719476440148,61.201072919203334,0,,,False
2025-01-20 06:00:00+00:00,3.728716791998888,67.19820084560797,74.3613297892955,60.173430791184295,0,,,False
2025-01-20 07:00:00+00:00,3.263553652019257,67.97526942285855,71.23330711154667,58.14646621209529,0,,,False
2025-01-20 08:00:00+00:00,3.3557459238465785,65.83569978882048,66.82035953434324,55.5416914339279,0,,,False
2025-01-20 09:00:00+00:00,3.2600749657392285,62.11654016639524,68.09429983962364,54.39645268732835,0,,,False
2025-01-20 10:00:00+00:00,2.960424804155262,63.9223403111999,62.61812244659075,54.236303900883506,0,,,False
2025-01-20 11:00:00+00:00,3.007464108207547,64.68421518007482,66.27835719279658,54.33087869484175,0,,,False
2025-01-20 12:00:00+00:00,3.3923631669609207,65.53451456895984,69.36832935658701,57.56042631191482,0,,,False
2025-01-20 13:00:00+00:00,3.8346883339457967,66.6627723906286,69.17630123127763,59.512718537380955,0,,,False
2025-01-20 14:00:00+00:00,3.5370713481722564,64.17644512717867,71.03709422400337,58.506728489566015,0,,,False
2025-01-20 15:00:00+00:00,3.1619027532588784,65.91419477655886,68.1395767142261,59.38926715077583,0,,,False
2025-01-20 16:00:00+00:00,2.903832668369583,66.38862104527128,71.84418305838179,59.19378933535697,0,,,False
2025-01-20 17:00:00+00:00,3.5955585818538323,66.99589933070912,71.96818953339582,59.19130966917876,0,,,False
2025-01-20 18:00:00+00:00,3.476347488815748,64.74919552169963,62.12887654416214,59.85924257206275,0,,,False
2025-01-20 19:00:00+00:00,3.7558250397577657,65.81824580077497,75.5228635651751,61.119937005464415,0,,,False
2025-01-20 20:00:00+00:00,3.3864628321718997,62.24422053255638,62.706952286496524,60.99982350888798,0,,,False
2025-01-20 21:00:00+00:00,3.6917200756785618,65.92568588906019,71.58250963787434,62.85959613475615,0,,,False
2025-01-20 22:00:00+00:00,3.7228211564211593,65.68344388105105,75.40789839421153,61.56688740169208,0,,,False
2025-01-20 23:00:00+00:00,3.506880776379912,65.05345144612937,71.69948641465417,61.94276069460176,0,,,False
2025-01-21 00:00:00+00:00,3.6906049215564587,68.0304203866693,71.65044817633233,65.94000720440111,0,,,False
2025-01-21 01:00:00+00:00,3.7952793143753616,67.85429521711643,73.21039334953896,66.46071121728114,0,,,False
2025-01-21 02:00:00+00:00,3.987461864856146,65.20971333346883,81.44323066349504,68.66178049945081,0,,,False
2025-01-21 03:00:00+00:00,3.8980392808682995,68.99405796515559,72.80274177342913,68.90265337067652,0,,,False
2025-01-21 04:00:00+00:00,4.117411594154159,67.55479549286613,82.73760475519347,69.82427229683228,0,,,False
2025-01-21 05:00:00+00:00,3.858799221981804,69.67485047911823,79.18259198381512,69.82105680110821,0,,,False
2025-01-21 06:00:00+00:00,3.6957101816209774,66.97603191910258,75.63610558231017,69.66269596898526,0,,,False
2025-01-21 07:00:00+00:00,4.245598040027814,68.64329296624602,76.61245706536583,68.66094386149871,0,,,False
2025-01-21 08:00:00+00:00,3.8139459586971127,68.39378854850193,75.93417201188485,69.39511180610562,0,,,False
2025-01-21 09:00:00+00:00,3.771480202117652,68.94665134200447,80.65933806054935,68.30666171526326,0,,,False
2025-01-21 10:00:00+00:00,3.9105349114923595,69.0029093117127,81.17556304912296,69.3862113174523,0,,,False
2025-01-21 11:00:00+00:00,4.007534432126114,68.9201992867238,75.20086232126381,71.00981849751996,0,,,False
2025-01-21 12:00:00+00:00,5.160644105657338,72.66390593763516,89.51611446909634,80.36104802900509,1,STOP_010,2025-01-21T14:00:00+00:00,True
2025-01-21 13:00:00+00:00,6.1997067523972165,77.13648708046205,95.90862358565232,87.17433008551195,1,STOP_010,2025-01-21T14:00:00+00:00,True
2025-01-21 14:00:00+00:00,4.025487445389298,68.67513390500413,84.94159546069842,71.83654771214154,0,STOP_010,2025-01-21T14:00:00+00:00,True
2025-01-21 15:00:00+00:00,4.044509202336198,69.40785833058864,76.64049075565595,71.40092718827673,0,,,False
2025-01-21 16:00:00+00:00,3.6480598424172657,68.9036786461012,86.62483058693803,72.72016855633294,0,,,False
2025-01-21 17:00:00+00:00,4.2934009290751245,69.97010585462728,79.49159833126376,70.10762652919361,0,,,False
2025-01-21 18:00:00+00:00,3.909431284288007,68.48745649267732,75.74867908342848,69.68762623831617,0,,,False
2025-01-21 19:00:00+00:00,3.9177243557931614,66.64056280811542,74.88440948461214,66.96027298428231,0,,,False
2025-01-21 20:00:00+00:00,3.4782207739008695,67.09138232969809,72.86930265703785,65.02842256393319,0,,,False
2025-01-21 21:00:00+00:00,3.73777690889734,68.48916946062286,73.26888729470625,67.16793235382677,0,,,False
2025-01-21 22:00:00+00:00,3.764028296498049,69.05429476114169,78.5575556807548,68.55655894301609,0,,,False
2025-01-21 23:00:00+00:00,4.107415259730244,71.10333524544774,73.79259189905558,67.61922182486013,0,,,False
2025-01-22 00:00:00+00:00,3.6471179776653013,66.6803988359666,69.22956277070534,65.61254281990578,0,,,False
2025-01-22 01:00:00+00:00,3.709714193744966,66.37818064825274,71.24476673593074,61.62799546879443,0,,,False
2025-01-22 02:00:00+00:00,3.4360377827333215,66.99327568165911,66.59468573479796,61.1802992047666,0,,,False
2025-01-22 03:00:00+00:00,3.638459401384023,67.431070964677,72.89776603898574,64.88735134492741,0,,,False
2025-01-22 04:00:00+00:00,3.7101908938545822,66.94500560495506,73.0778343353477,65.6531094131268,0,,,False
2025-01-22 05:00:00+00:00,3.955287400754467,65.17074942165159,72.6211514780651,64.98211728722652,0,,,False
2025-01-22 06:00:00+00:00,3.4189369714924087,66.96115116220601,81.89719780699613,65.75801000261843,0,,,False
2025-01-22 07:00:00+00:00,3.427492756923719,65.48486102674408,74.27290953133425,63.651382152735934,0,,,False
2025-01-22 08:00:00+00:00,3.301699419402657,64.42485230649316,74.611272956826,63.38254109392943,0,,,False
2025-01-22 09:00:00+00:00,3.4691250338717037,65.9056511736859,68.78511851351645,63.66389812063922,0,,,False
2025-01-22 10:00:00+00:00,3.5185054872208568,65.52665239508656,72.14709886509192,63.657633254120796,0,,,False
2025-01-22 11:00:00+00:00,3.428195859964536,68.33436305594479,75.77884373083975,64.8622774600179,0,,,False
2025-01-22 12:00:00+00:00,3.6098038436018385,68.51464067607131,72.49658820111891,65.37667639983287,0,,,False
2025-01-22 13:00:00+00:00,3.4211135306189666,66.53592864687523,79.08414001075249,66.30582527082181,0,,,False
2025-01-22 14:00:00+00:00,3.5543728889668498,67.1937294491222,71.88011536136975,65.28024131655627,0,,,False
2025-01-22 15:00:00+00:00,4.008477742143348,65.16198314122795,75.66405180652859,66.4978237813225,0,,,False
2025-01-22 16:00:00+00:00,3.962861331605211,67.85992660109004,76.61258190477156,68.67145508788028,0,,,False
2025-01-22 17:00:00+00:00,3.853259320360466,68.72857378018293,77.5282479440124,67.10033643043137,0,,,False
2025-01-22 18:00:00+00:00,3.575468038833416,68.94386136084553,73.91348427596947,65.68818175474793,0,,,False
2025-01-22 19:00:00+00:00,3.557668861628235,67.15819040583825,76.49930869918369,67.42587009458411,0,,,False
2025-01-22 20:00:00+00:00,3.60708950039232,69.65869958404788,76.18754205555976,66.93639097752201,0,,,False
2025-01-22 21:00:00+00:00,3.8828182412693866,66.3304355184676,76.17476136324984,68.67991133579265,0,,,False
2025-01-22 22:00:00+00:00,4.004971562350297,66.45322324794763,79.04183228770405,67.74888315554438,0,,,False
2025-01-22 23:00:00+00:00,4.08955444072619,69.91201483606903,79.78314423108023,69.49174012537406,0,,,False
2025-01-23 00:00:00+00:00,4.03164581684123,71.29425245347308,78.63227489435376,69.29190203542736,0,,,False
2025-01-23 01:00:00+00:00,3.783827621565035,69.51740036292398,77.5775067447847,69.25750793549479,0,,,False
2025-01-23 02:00:00+00:00,4.000932176235717,69.24957446288563,82.76821487917219,71.03362680895555,0,,,False
2025-01-23 03:00:00+00:00,3.8931369173474963,65.71374819857803,78.81098142058126,70.02174606120447,0,,,False
2025-01-23 04:00:00+00:00,3.833662825249581,65.43217596712569,77.06647336489642,68.21948850396969,0,,,False
2025-01-23 05:00:00+00:00,4.188850982026581,68.34190070916924,77.39946490050313,67.15928801275146,0,,,False
2025-01-23 06:00:00+00:00,3.515089277501633,67.67790146339179,82.36558054086679,67.38331822582852,0,,,False
2025-01-23 07:00:00+00:00,3.6716807723778735,65.7673978883977,71.01969158387635,64.7538355387529,0,,,False
2025-01-23 08:00:00+00:00,3.9563933721475335,67.68682266359325,77.8103880908192,65.29507930782722,0,,,False
2025-01-23 09:00:00+00:00,3.422855285122992,67.41746874612191,68.84733965172289,64.1492389828673,0,,,False
2025-01-23 10:00:00+00:00,3.626768462216739,69.03424379457483,76.23507611801841,65.39206663921476,0,,,False
2025-01-23 11:00:00+00:00,4.687143860547407,72.18737535858293,86.9922522960072,70.40823978021294,1,STOP_011,2025-01-23T13:00:00+00:00,True
2025-01-23 12:00:00+00:00,5.6692071952347725,77.90525385386483,90.64354876059782,76.20887433787755,1,STOP_011,2025-01-23T13:00:00+00:00,True
2025-01-23 13:00:00+00:00,3.1042040060981937,65.28849967650531,69.46198302680196,57.58836210727362,0,STOP_011,2025-01-23T13:00:00+00:00,True
2025-01-23 14:00:00+00:00,3.4388596953944646,64.70505220467979,66.13980656811466,56.26018232296928,0,,,False
2025-01-23 15:00:00+00:00,3.4611818863144657,66.53813611578477,68.09453380463866,56.47222612138,0,,,False
2025-01-23 16:00:00+00:00,3.4143099325965474,63.35102117389329,66.89674528666367,56.06227497985148,0,,,False
2025-01-23 17:00:00+00:00,3.143063295101433,68.88654155639142,64.85920290960044,55.5495679216406,0,,,False
2025-01-23 18:00:00+00:00,3.298421918874864,65.11521939413778,66.02865048809046,55.17444392295891,0,,,False
2025-01-23 19:00:00+00:00,3.1269475073353505,65.1635555489751,67.60669321274861,55.30770556572859,0,,,False
2025-01-23 20:00:00+00:00,3.1577719597888554,64.90523968581043,63.36487001482071,53.725319082838396,0,,,False
2025-01-23 21:00:00+00:00,3.644388697367329,67.1941345161746,63.98670564694784,54.59476601059047,0,,,False
2025-01-23 22:00:00+00:00,3.308210074592618,65.79532716167752,62.97120681236788,55.35522014722872,0,,,False
2025-01-23 23:00:00+00:00,3.092065031333677,62.297881464903234,68.50432713959253,55.68488477803041,0,,,False
2025-01-24 00:00:00+00:00,3.3628306298935637,66.97434070097832,69.43185263674452,56.23045041275687,0,,,False
2025-01-24 01:00:00+00:00,3.0937646178259084,64.40257436094784,68.61775248470308,56.379730767051214,0,,,False
2025-01-24 02:00:00+00:00,3.236819195883097,65.84500638616431,73.00095384608443,58.94757925635109,0,,,False
2025-01-24 03:00:00+00:00,3.242075674151436,63.61097129921855,69.93151764077298,58.43284085827151,0,,,False
2025-01-24 04:00:00+00:00,3.3130423685600867,66.07609016022124,70.15526302236424,57.622623776784664,0,,,False
2025-01-24 05:00:00+00:00,3.4982159598906954,63.88668216946294,68.69211915651142,56.212478681880874,0,,,False
2025-01-24 06:00:00+00:00,3.3549006557186942,64.48884765749463,66.0180606765079,54.46197733501474,0,,,False
2025-01-24 07:00:00+00:00,3.255679009806893,63.317450496774654,63.01439836258923,52.47866334938609,0,,,False
2025-01-24 08:00:00+00:00,2.9002395932221314,66.20782596945998,70.04999368680161,51.06768922285398,0,,,False
2025-01-24 09:00:00+00:00,2.9910110711138334,66.22970815083339,61.87038054551531,50.85439233538334,0,,,False
2025-01-24 10:00:00+00:00,3.153558082865729,63.43375564616714,61.53366022403294,51.21328630281677,0,,,False
2025-01-24 11:00:00+00:00,2.9890541587717356,63.443644941330945,64.78711819747038,51.15892791425889,0,,,False
2025-01-24 12:00:00+00:00,2.9981724323593597,62.42835816123277,63.223043976363314,49.96174203585682,0,,,False
2025-01-24 13:00:00+00:00,3.180907889019195,65.00209826634621,59.257710372929765,51.14362943030676,0,,,False
2025-01-24 14:00:00+00:00,3.079613647561614,63.122571729018915,67.61323077816166,52.05317178172995,0,,,False
2025-01-24 15:00:00+00:00,3.165772829626318,62.86854144528448,63.6356337861644,51.66849119084341,0,,,False
2025-01-24 16:00:00+00:00,3.3641545560115267,64.65097885501747,59.68596046632626,50.61029853173344,0,,,False
2025-01-24 17:00:00+00:00,3.0766122981434743,62.576197236765914,67.15334900232747,51.2788195991363,0,,,False
2025-01-24 18:00:00+00:00,3.326148963147796,63.369155164316126,65.58342524342375,51.41929238662975,0,,,False
2025-01-24 19:00:00+00:00,3.1177354624386346,60.408359496555576,58.08396341915211,49.267752229406895,0,,,False
2025-01-24 20:00:00+00:00,2.7471711493643824,63.798116905631424,67.10007078662207,49.13943795982224,0,,,False
2025-01-24 21:00:00+00:00,2.8283971324704207,65.75651239369184,64.03782606236918,49.48403994973012,0,,,False
2025-01-24 22:00:00+00:00,2.8187272429755867,63.54033473872081,60.935152245101364,48.194988931737065,0,,,False
2025-01-24 23:00:00+00:00,2.8281882044175384,64.73975534775722,65.98731677343476,48.490188654787545,0,,,False
2025-01-25 00:00:00+00:00,2.875309686397012,60.674592400375595,59.98517256464009,46.47915201547196,0,,,False
2025-01-25 01:00:00+00:00,3.09155315519534,62.893934599979715,61.110853942677245,48.46482725645805,0,,,False
2025-01-25 02:00:00+00:00,3.287499926820603,61.662402858870934,60.73767076397159,50.25714248475007,0,,,False
2025-01-25 03:00:00+00:00,3.1004059072442454,62.62458095678618,64.14986759753614,49.887430917194,0,,,False
2025-01-25 04:00:00+00:00,2.9880428560032204,64.28008505664742,64.2748177837248,50.40589280206219,0,,,False
2025-01-25 05:00:00+00:00,2.5416635530278855,62.26251076553003,60.021749982981866,47.03259948625028,0,,,False
2025-01-25 06:00:00+00:00,2.8629788955330695,59.54952361248449,56.3574155198251,45.561617154621075,0,,,False
2025-01-25 07:00:00+00:00,2.8462926497000596,59.63848310725978,58.95436539826971,45.37008921855469,0,,,False
2025-01-25 08:00:00+00:00,2.8178846711832635,59.16130407307218,57.28424522525388,44.11016656769447,0,,,False
2025-01-25 09:00:00+00:00,3.222844126790609,62.36198470626944,54.603193537650895,45.41601940453353,0,,,False
2025-01-25 10:00:00+00:00,4.414930243884252,71.139994240615,66.6929948512291,57.28050812376665,1,STOP_012,2025-01-25T12:00:00+00:00,True
2025-01-25 11:00:00+00:00,5.256054394051925,74.14197689111316,79.64061379091572,62.99429841704283,1,STOP_012,2025-01-25T12:00:00+00:00,True
2025-01-25 12:00:00+00:00,2.699446291100908,58.973490031372876,51.34382724010553,46.058226100306584,0,STOP_012,2025-01-25T12:00:00+00:00,True
2025-01-25 13:00:00+00:00,2.8081728821461645,64.13502682044853,60.29256816869137,46.67804304447952,0,,,False
2025-01-25 14:00:00+00:00,2.9976406087914023,64.16935154577885,60.39921176746636,49.215836400856276,0,,,False
2025-01-25 15:00:00+00:00,2.807039247568792,59.9928002809779,64.471865385241,47.702500664236794,0,,,False
2025-01-25 16:00:00+00:00,3.064814245901064,62.04340178429254,59.59784063238685,48.32734736452762,0,,,False
2025-01-25 17:00:00+00:00,3.1658323509756428,64.98720867135582,65.45290696273999,51.14641684704035,0,,,False
2025-01-25 18:00:00+00:00,2.809502140003667,63.52830055142559,60.46676761718629,49.00883428341138,0,,,False
2025-01-25 19:00:00+00:00,3.1526760897769615,60.28468463568242,60.71150490087422,47.49442404754798,0,,,False
2025-01-25 20:00:00+00:00,2.9451167456244907,63.094119137286924,62.38152631960596,47.260019678642124,0,,,False
2025-01-25 21:00:00+00:00,2.6000971975434326,58.869282465592704,58.49301070354809,46.91844453237862,0,,,False
2025-01-25 22:00:00+00:00,2.972197992488789,62.2086981163034,64.19463689665635,48.47643793313075,0,,,False
2025-01-25 23:00:00+00:00,3.0642757021329285,64.46465875454545,58.83245656994245,49.192412001484584,0,,,False
2025-01-26 00:00:00+00:00,3.0935334159630017,62.15046326272077,60.898582355872534,47.07623979787929,0,,,False
2025-01-26 01:00:00+00:00,2.911454169949892,61.7329264918083,63.798362149158685,48.27110938917074,0,,,False
2025-01-26 02:00:00+00:00,3.1048890874577024,63.70642070943989,62.70191624025154,47.90800442927122,0,,,False
2025-01-26 03:00:00+00:00,3.091434314760193,64.51378610357357,68.39570004288002,50.17219460314564,0,,,False
2025-01-26 04:00:00+00:00,2.7999236113358257,64.8759491457177,59.95720259958362,49.702965354724235,0,,,False
2025-01-26 05:00:00+00:00,2.761962556160616,64.0894641452527,57.733412003273074,49.2598350086104,0,,,False
2025-01-26 06:00:00+00:00,3.274703929779624,64.77301654525732,59.94469867851086,50.503181181172025,0,,,False
2025-01-26 07:00:00+00:00,3.3564973047244018,64.70749718692753,66.20437502683043,52.02711450257073,0,,,False
2025-01-26 08:00:00+00:00,3.2462290592260805,64.31899562536292,66.60242631592472,53.06900883896068,0,,,False
2025-01-26 09:00:00+00:00,3.368797515307842,63.46473220294863,63.743097971633844,51.10156234434305,0,,,False
2025-01-26 10:00:00+00:00,3.345724158999178,63.34767299583182,61.12455614703273,52.345208581593084,0,,,False
2025-01-26 11:00:00+00:00,3.234113963281232,61.58851950690963,65.95397239506829,51.356906488330715,0,,,False
2025-01-26 12:00:00+00:00,2.9851603478007647,62.22834217525579,60.699595742757325,52.204364794951694,0,,,False
2025-01-26 13:00:00+00:00,3.3937791345454302,62.791124672827905,66.58359686836776,50.71382131910242,0,,,False
2025-01-26 14:00:00+00:00,3.232896404199038,63.937925882080634,72.7036002570044,51.91915880892331,0,,,False
2025-01-26 15:00:00+00:00,3.040849491902883,65.56322203922623,64.73836234267085,51.34001047406612,0,,,False
2025-01-26 16:00:00+00:00,2.9357864613560753,62.977804573593595,64.36407558395932,50.13500138468953,0,,,False
2025-01-26 17:00:00+00:00,3.1767813713245823,65.04228304066375,62.54311507229722,51.79022868115752,0,,,False
2025-01-26 18:00:00+00:00,2.8722729708117343,65.43939752519923,59.393894818300836,52.7347468018368,0,,,False
2025-01-26 19:00:00+00:00,3.286626693128805,63.39073316056874,62.7825680893648,52.45967785700644,0,,,False
2025-01-26 20:00:00+00:00,3.107964485788929,65.42275019994763,63.558339778232096,55.10238294297452,0,,,False
2025-01-26 21:00:00+00:00,3.341971911353807,64.13645761584895,62.413943692990955,55.005832261454124,0,,,False
2025-01-26 22:00:00+00:00,3.207634072667092,66.66004206372811,72.41812145671642,55.58946074203469,0,,,False
2025-01-26 23:00:00+00:00,3.2946857906609233,65.90230606707469,68.83945388982542,56.495136865586,0,,,False
2025-01-27 00:00:00+00:00,3.18977844417586,63.05442250979129,68.85281581034276,56.13382713941271,0,,,False
2025-01-27 01:00:00+00:00,3.3506806468582915,65.44029994136967,67.80063629997147,57.32670987712968,0,,,False
2025-01-27 02:00:00+00:00,3.70857189833931,67.59539210977707,67.99718770928655,57.07741289013749,0,,,False
2025-01-27 03:00:00+00:00,3.615206640753133,64.83412616740914,71.36057475120067,57.01990906409727,0,,,False
2025-01-27 04:00:00+00:00,3.5394739363721666,66.50935737496249,70.44337899507072,59.459282766066316,0,,,False
2025-01-27 05:00:00+00:00,3.4255363546610145,66.35274707302676,71.2715467939253,58.44642938806013,0,,,False
2025-01-27 06:00:00+00:00,3.452253102583188,63.11371157297623,66.6398172180138,55.56215307241042,0,,,False
2025-01-27 07:00:00+00:00,3.6329623811851786,66.29651332545906,68.6431536324471,58.43483800546262,0,,,False
2025-01-27 08:00:00+00:00,3.4637620291403586,64.66344285819949,68.91614499757347,62.51398528750477,0,,,False
2025-01-27 09:00:00+00:00,4.799577933418285,71.25167670434512,76.92207259408238,71.10037621315736,1,STOP_013,2025-01-27T11:00:00+00:00,True
2025-01-27 10:00:00+00:00,5.370120268043829,77.60073611368185,88.17891067371569,75.95717220813518,1,STOP_013,2025-01-27T11:00:00+00:00,True
2025-01-27 11:00:00+00:00,3.7017016245562533,66.53208940019115,71.16086247604409,59.98984988242871,0,STOP_013,2025-01-27T11:00:00+00:00,True
2025-01-27 12:00:00+00:00,3.8743879605581566,65.56117391619357,67.19230000201145,60.0596354260445,0,,,False
2025-01-27 13:00:00+00:00,3.526343554618199,66.74921607977474,71.12189495729915,60.26508182635653,0,,,False
2025-01-27 14:00:00+00:00,3.080250403787857,65.66154313683664,70.45768862963462,59.17227169489778,0,,,False
2025-01-27 15:00:00+00:00,3.631888200419508,66.1674538030987,64.95296978893955,60.495286831903165,0,,,False
2025-01-27 16:00:00+00:00,3.4132896253432556,67.4920656250808,69.69066655406318,61.689459450002005,0,,,False
2025-01-27 17:00:00+00:00,3.381033946297906,64.91186069432803,72.23004321293715,60.00970768438909,0,,,False
2025-01-27 18:00:00+00:00,3.678829205824206,66.50080764607755,73.40870146179948,61.46767679248501,0,,,False
2025-01-27 19:00:00+00:00,3.7600587073716962,66.95985747328605,71.5857112521895,64.7608658839868,0,,,False
2025-01-27 20:00:00+00:00,3.650061635870431,65.20773637430882,75.96941155409192,65.28713812069732,0,,,False
2025-01-27 21:00:00+00:00,3.6115071316696565,66.14222400254576,78.38212664735393,65.07635878973237,0,,,False
2025-01-27 22:00:00+00:00,3.7541142619516803,69.89540148400862,77.70331234830917,65.1436393780429,0,,,False
2025-01-27 23:00:00+00:00,3.7081652374539606,68.45621188458577,76.03833555829728,66.26375637569305,0,,,False
2025-01-28 00:00:00+00:00,3.48255700028798,65.22941544347472,73.0379984308281,64.04932631858938,0,,,False
2025-01-28 01:00:00+00:00,3.6458030803269423,65.06056478951437,72.99673954797626,64.57032117762327,0,,,False
2025-01-28 02:00:00+00:00,3.754026110157277,67.11775040297643,76.0471153992988,64.28665417714099,0,,,False
2025-01-28 03:00:00+00:00,3.7892476316018326,70.4838215039605,77.65443008131669,67.14013901398592,0,,,False
2025-01-28 04:00:00+00:00,3.5623742088108252,67.83190117443013,78.87232075211047,67.0401279221222,0,,,False
2025-01-28 05:00:00+00:00,4.106147980008128,70.8146083178429,79.48226357128459,69.51369662578958,0,,,False
2025-01-28 06:00:00+00:00,3.366924325152791,68.92729871491193,80.25459910064683,67.99800852894647,0,,,False
2025-01-28 07:00:00+00:00,3.8201363385138847,69.3767561295622,78.84843885345427,68.89960147597785,0,,,False
2025-01-28 08:00:00+00:00,3.8104052712117653,66.81002585625296,81.32595157232284,69.37868873403268,0,,,False
2025-01-28 09:00:00+00:00,3.8939924883938386,69.8550863184712,80.55074046266517,68.16267311948855,0,,,False
2025-01-28 10:00:00+00:00,3.9812390391248367,68.03186803555856,75.76684070182095,68.44755363822988,0,,,False
2025-01-28 11:00:00+00:00,4.159874357328344,70.3416832926921,74.2088609275023,70.1568153742524,0,,,False
2025-01-28 12:00:00+00:00,3.8052462542780097,67.66860590356349,83.81841771824784,69.63286958847551,0,,,False
2025-01-28 13:00:00+00:00,3.92957840375475,68.42553124149636,77.88985498279267,67.19985740077163,0,,,False
2025-01-28 14:00:00+00:00,3.85894055577423,68.68595940394356,71.97074807045011,67.19318324345703,0,,,False
2025-01-28 15:00:00+00:00,3.4588763429102154,67.54863956142418,73.90099519449312,65.93229845429325,0,,,False
2025-01-28 16:00:00+00:00,4.089137663033838,68.25375390333389,77.98194186593935,65.48978704568218,0,,,False
2025-01-28 17:00:00+00:00,3.4846224769428056,67.22441771951819,74.76234061480433,65.41337777435648,0,,,False
2025-01-28 18:00:00+00:00,3.712725087355111,65.9411808927005,72.05566555511946,63.049235074208056,0,,,False
2025-01-28 19:00:00+00:00,3.610158765861473,68.67466491356348,75.95755845916105,60.88813279790841,0,,,False
2025-01-28 20:00:00+00:00,3.6275720095282904,68.09314522426922,69.33066701424187,61.73238641575682,0,,,False
2025-01-28 21:00:00+00:00,3.4612821584851257,65.19407619758917,69.55576431969291,61.11791105053812,0,,,False
2025-01-28 22:00:00+00:00,3.543182285729201,66.14784518188466,69.63716580837422,57.65059574497579,0,,,False
2025-01-28 23:00:00+00:00,3.1737973460810953,64.58373832722062,71.3150085224333,58.992522030907836,0,,,False
2025-01-29 00:00:00+00:00,3.4676386293836394,64.08622511013948,72.10157665064894,59.54417358544324,0,,,False
2025-01-29 01:00:00+00:00,3.3388171348533318,67.15281133965028,72.60632280343702,58.6736572585061,0,,,False
2025-01-29 02:00:00+00:00,3.2419286337207067,62.53613231681403,69.02386750201914,56.974272517617166,0,,,False
2025-01-29 03:00:00+00:00,3.502332708338045,66.89133791434085,71.05447160808068,58.33684681325349,0,,,False
2025-01-29 04:00:00+00:00,3.6464281305338346,65.30412981676902,69.32480986466915,58.94404428542872,0,,,False
2025-01-29 05:00:00+00:00,3.544125196880816,66.38875498878889,73.18864044103758,62.35358297803227,0,,,False
2025-01-29 06:00:00+00:00,3.7691948225442524,67.47244167181903,73.7530779269158,62.85938280794694,0,,,False
2025-01-29 07:00:00+00:00,3.656529585586369,67.85563999003365,74.43284609491022,63.279472573474244,0,,,False
2025-01-29 08:00:00+00:00,4.679191308987354,71.12637261242462,85.67096699280754,71.68629125889323,1,STOP_014,2025-01-29T10:00:00+00:00,True
2025-01-29 09:00:00+00:00,5.827542567652981,78.23641470936758,93.95161155185485,79.86608765414161,1,STOP_014,2025-01-29T10:00:00+00:00,True
2025-01-29 10:00:00+00:00,3.6494238758208994,67.52559804812711,74.97335402512013,64.51847413696422,0,STOP_014,2025-01-29T10:00:00+00:00,True
2025-01-29 11:00:00+00:00,3.644705973945065,65.91661619867158,73.6746008111022,66.00232795991212,0,,,False
2025-01-29 12:00:00+00:00,3.79875102932407,67.22268228907053,75.38924681510183,64.92498004813378,0,,,False
2025-01-29 13:00:00+00:00,3.7218589270977382,69.26940261207758,74.30881823007385,63.99161362913069,0,,,False
2025-01-29 14:00:00+00:00,3.349368581767878,69.41946238041103,74.14249359139332,63.01523394347497,0,,,False
2025-01-29 15:00:00+00:00,3.375383828824354,68.22707940619593,80.88090329413947,63.83685573260973,0,,,False
2025-01-29 16:00:00+00:00,3.8283343071354516,65.89375880480355,74.18662476936859,65.59758012352034,0,,,False
2025-01-29 17:00:00+00:00,3.5570740921145454,68.09474801566758,76.11690709966335,64.52945887327914,0,,,False
2025-01-29 18:00:00+00:00,3.7133879828561573,68.33642852204278,77.20910817278588,63.53379055417998,0,,,False
2025-01-29 19:00:00+00:00,3.802331724918631,68.16698891403793,74.34954873630106,63.59475646353283,0,,,False
2025-01-29 20:00:00+00:00,3.399583688612796,68.03313276200385,80.43802245627043,62.85233776323994,0,,,False
2025-01-29 21:00:00+00:00,3.4169155159312887,67.68484276390464,73.09573520240004,63.79982715011115,0,,,False
2025-01-29 22:00:00+00:00,3.8107484638936766,65.95371989883768,72.14889315369669,60.2077946902783,0,,,False
2025-01-29 23:00:00+00:00,3.5065280600206936,64.70908421672698,67.53154990363956,58.73878486861001,0,,,False
2025-01-30 00:00:00+00:00,3.306425467184193,62.36568862481697,67.71443618518288,57.375306341897364,0,,,False
2025-01-30 01:00:00+00:00,3.057326416162541,64.67903396766248,66.56058713103528,53.89857105864152,0,,,False
2025-01-30 02:00:00+00:00,3.0682000011389037,64.01294162509305,67.11818887249835,52.44620786538254,0,,,False
2025-01-30 03:00:00+00:00,2.885481174904401,64.16825840026921,64.39765263749467,51.10631545343994,0,,,False
2025-01-30 04:00:00+00:00,3.2453210067400486,61.23572989608561,66.96313995007489,50.806818120083165,0,,,False
2025-01-30 05:00:00+00:00,3.0157896884423274,64.67155767458236,64.20986321661633,52.34677546869923,0,,,False
2025-01-30 06:00:00+00:00,3.3328916741186125,66.65552063019572,63.12898621056591,51.9123432942152,0,,,False
2025-01-30 07:00:00+00:00,2.9951834446181502,63.232986197345205,70.9386698251768,50.38437000392782,0,,,False
2025-01-30 08:00:00+00:00,2.874381311467427,62.98873098464715,63.9128616781208,50.27076321152319,0,,,False
2025-01-30 09:00:00+00:00,3.0498040219345595,63.97375891930884,61.78727895340852,51.70085128393431,0,,,False
2025-01-30 10:00:00+00:00,2.587993878194714,66.11746485803197,60.61259345599409,50.22986440322152,0,,,False
2025-01-30 11:00:00+00:00,2.9788213432904924,61.134926271395585,58.73808767925136,48.90132637981809,0,,,False
2025-01-30 12:00:00+00:00,3.0047781512187806,63.20747443757225,65.03392284043431,49.67554679160465,0,,,False
2025-01-30 13:00:00+00:00,3.16786750465749,61.59660593507924,60.8291289821431,49.32030689508568,0,,,False
2025-01-30 14:00:00+00:00,2.7190298944541333,62.236591462006785,63.043866632913236,50.19032847758092,0,,,False
2025-01-30 15:00:00+00:00,3.2634196163514253,62.95417234748367,62.3903877697205,50.09519269768859,0,,,False
2025-01-30 16:00:00+00:00,3.242768067250151,65.32138615675748,65.54561422444473,51.00133764779051,0,,,False
2025-01-30 17:00:00+00:00,3.2500174962509525,65.53248359960106,59.48092786729048,49.43665899522652,0,,,False
2025-01-30 18:00:00+00:00,3.011910151599512,63.4815465454751,58.733060905753575,49.36444442845014,0,,,False
2025-01-30 19:00:00+00:00,3.1882028213742077,62.13978385703618,62.33614042266379,49.01558647190471,0,,,False
2025-01-30 20:00:00+00:00,2.6624497840628516,65.92093303559841,61.98471460508147,47.272749118802096,0,,,False
2025-01-30 21:00:00+00:00,2.9584418480445436,60.89262352005724,59.343803458438884,45.113184140171725,0,,,False
2025-01-30 22:00:00+00:00,2.739737691953567,61.00027605600411,56.83308194074854,46.189933091812385,0,,,False
2025-01-30 23:00:00+00:00,2.5625810333441903,59.06980785433403,60.94041805301354,45.77407473734042,0,,,False
2025-01-31 00:00:00+00:00,2.5973495945593337,63.425436606059904,55.54043176659267,44.43766417397597,0,,,False
2025-01-31 01:00:00+00:00,2.801459250214092,62.78879269029576,56.22191958723417,44.45474767246273,0,,,False
2025-01-31 02:00:00+00:00,2.7301463377664112,65.48350960581186,56.42907644713939,46.189337672124,0,,,False
2025-01-31 03:00:00+00:00,2.806626564336179,58.84193716254572,60.527771253429314,43.087407302909675,0,,,False
2025-01-31 04:00:00+00:00,2.32911197696018,62.55122112362469,56.93149854156578,41.213216374686745,0,,,False
2025-01-31 05:00:00+00:00,2.227200648935563,60.17239132279198,56.00534625522451,40.22396015080928,0,,,False
2025-01-31 06:00:00+00:00,2.964905365469388,61.994987840690506,59.96817389064986,42.61945838496766,0,,,False
2025-01-31 07:00:00+00:00,4.120165523894923,64.01154429236107,75.12370942276651,52.077366680059214,1,STOP_015,2025-01-31T09:00:00+00:00,True
2025-01-31 08:00:00+00:00,4.8179731711193705,73.58110007789031,70.77942416263126,60.596591146307915,1,STOP_015,2025-01-31T09:00:00+00:00,True
2025-01-31 09:00:00+00:00,2.743564609404797,62.140472095194376,54.50684500059245,43.20232322732209,0,STOP_015,2025-01-31T09:00:00+00:00,True
2025-01-31 10:00:00+00:00,2.8691537435383525,60.512584765834774,53.76916589851637,41.90316606004699,0,,,False
2025-01-31 11:00:00+00:00,2.804220476268025,61.82609814332979,53.87975694972656,42.86143037279369,0,,,False
2025-01-31 12:00:00+00:00,2.7728336838943695,59.82611389231225,53.527927981503126,43.247856146252076,0,,,False
2025-01-31 13:00:00+00:00,2.9914369781388253,60.426234828311166,56.77132651843777,44.317983188945725,0,,,False
2025-01-31 14:00:00+00:00,2.6632082898833476,60.60307664902568,54.02854563427917,44.32747856487927,0,,,False
2025-01-31 15:00:00+00:00,2.8307245392531146,58.72165766408779,59.257250563044664,45.00249818874403,0,,,False
2025-01-31 16:00:00+00:00,2.8441449734068636,62.941689263301676,58.82740760994296,45.49683840665543,0,,,False
2025-01-31 17:00:00+00:00,2.859325452212057,63.84354122655947,61.268846609266916,46.85383601761876,0,,,False
2025-01-31 18:00:00+00:00,2.899418025420621,61.41187055852995,62.50419790724594,48.212955943919034,0,,,False
2025-01-31 19:00:00+00:00,2.8892389110297385,62.36312204538797,61.02467020444712,46.13605840490246,0,,,False
2025-01-31 20:00:00+00:00,2.753809023272571,60.58579378135732,55.668069253881676,43.28034831100391,0,,,False
2025-01-31 21:00:00+00:00,2.640981533306462,62.02373433620606,64.70217982164044,45.104411310281705,0,,,False
2025-01-31 22:00:00+00:00,3.0653189542214765,61.19860540777943,60.76654527996822,47.13323756531992,0,,,False
2025-01-31 23:00:00+00:00,2.6945646067369204,60.47695522676753,53.51847579800606,46.00697653632994,0,,,False
2025-02-01 00:00:00+00:00,2.7303225225996086,62.708809279822944,54.19651412326546,43.76898983595778,0,,,False
2025-02-01 01:00:00+00:00,2.744012460946679,61.21861376255519,52.502680013602,44.38139880080641,0,,,False
2025-02-01 02:00:00+00:00,2.9413255900781015,64.87894302494317,59.28171275033228,46.15259866220984,0,,,False
2025-02-01 03:00:00+00:00,2.627406264970629,62.795098108589535,61.3572116184686,49.08544387132776,0,,,False
2025-02-01 04:00:00+00:00,3.2160532547463685,61.64881285986803,61.20219101408398,50.12643306797924,0,,,False
2025-02-01 05:00:00+00:00,2.923733617958901,64.8110238515145,68.44951385830659,49.902041789535346,0,,,False
2025-02-01 06:00:00+00:00,3.2235267790206805,63.63908948595777,63.27680146815716,48.9762974657958,0,,,False
2025-02-01 07:00:00+00:00,2.9357506840698293,63.90244509876288,64.14601319345736,49.373786010727486,0,,,False
2025-02-01 08:00:00+00:00,3.0115200483345097,64.58798031007942,59.14600419621007,49.34026430592515,0,,,False
2025-02-01 09:00:00+00:00,3.319147860755567,61.51858138285298,58.07959682626837,48.325919412072246,0,,,False
2025-02-01 10:00:00+00:00,3.074846433846193,63.30756877938242,64.0226879353952,51.661495809534514,0,,,False
2025-02-01 11:00:00+00:00,3.4761509198508613,64.09721152349924,66.85644918602765,54.51462090243643,0,,,False
2025-02-01 12:00:00+00:00,3.3434446536938083,62.97332378324115,62.34115546639794,56.364811962048606,0,,,False
2025-02-01 13:00:00+00:00,3.3624305267435073,64.1889823567005,66.44812041360868,55.28122527312621,0,,,False
2025-02-01 14:00:00+00:00,3.3662068161059753,67.02866432022809,68.27715245995692,56.74698377804283,0,,,False
2025-02-01 15:00:00+00:00,3.5568626141463504,65.71766929843963,68.54592857380837,57.87220714249618,0,,,False
2025-02-01 16:00:00+00:00,3.3179234464548837,63.5897022533554,67.45141245747482,58.69598081707629,0,,,False
2025-02-01 17:00:00+00:00,3.3514929151590414,63.85705187785256,69.92202560772816,60.63603665116655,0,,,False
2025-02-01 18:00:00+00:00,3.459643961437429,68.99441525949102,71.87830073815937,61.65750390456207,0,,,False
2025-02-01 19:00:00+00:00,3.644099293624705,66.70553099052643,73.65526033757268,62.8033650196971,0,,,False
2025-02-01 20:00:00+00:00,3.6302395345224463,66.16213079759093,76.02523871505791,63.7774870204779,0,,,False
2025-02-01 21:00:00+00:00,3.822078117894766,66.88386995352086,77.91133181730731,64.31619200288787,0,,,False
2025-02-01 22:00:00+00:00,3.819313317875335,64.34711578124042,71.71234283211476,61.87692470905471,0,,,False
2025-02-01 23:00:00+00:00,3.4218502693683823,68.78465052473865,71.47322017965573,62.16669266823742,0,,,False
2025-02-02 00:00:00+00:00,3.438361063684674,65.8802329014555,73.64410189280079,61.56604102611516,0,,,False
2025-02-02 01:00:00+00:00,3.2411509590584875,68.04892932063964,72.82637799815659,59.99275676344003,0,,,False
2025-02-02 02:00:00+00:00,3.984478025461775,66.87088348583855,71.94538212369814,62.64468638055858,0,,,False
2025-02-02 03:00:00+00:00,3.792082094141406,69.72590852384917,77.85241035655531,65.27203520665505,0,,,False
2025-02-02 04:00:00+00:00,3.9144823269197624,68.57249447730116,80.13653875488806,67.29150909578841,0,,,False
2025-02-02 05:00:00+00:00,3.605214305785955,69.58952776158058,81.41914923759407,67.69892922425653,0,,,False
2025-02-02 06:00:00+00:00,3.933471092472311,69.96985083908949,84.52672798503761,69.63737089985663,0,,,False
2025-02-02 07:00:00+00:00,4.025347593056865,69.82615630512802,76.59254075031352,69.63739901916688,0,,,False
2025-02-02 08:00:00+00:00,3.9007664851145663,69.49698751184582,79.47110438353415,69.91695265357251,0,,,False
2025-02-02 09:00:00+00:00,4.070833723089744,68.16543532996658,78.15884873491918,68.38237134713319,0,STOP_016,2025-02-02T09:00:00+00:00,False
2025-02-02 10:00:00+00:00,4.321442903006263,71.57524070662964,78.36169719066848,69.0069622309012,0,,,False
2025-02-02 11:00:00+00:00,3.7410879671027915,67.3833230288875,76.82610867634175,69.14576168843784,0,,,False
2025-02-02 12:00:00+00:00,3.6481457184527284,68.22060428170496,72.81671864184575,67.38047606063408,0,,,False
2025-02-02 13:00:00+00:00,3.677110923817094,68.25637558355965,77.60783752187372,67.44682256916083,0,,,False
2025-02-02 14:00:00+00:00,4.125661913697517,68.8473015626456,75.05191424714218,67.47880144210107,0,,,False
2025-02-02 15:00:00+00:00,4.144156764783562,68.39934308261304,79.8813779213648,70.14517350484932,0,,,False
2025-02-02 16:00:00+00:00,3.990715031069547,69.90618638020041,78.34772565338217,71.44688973938675,0,,,False
2025-02-02 17:00:00+00:00,4.02257582289304,69.18670334420143,77.4475987581503,71.46655740668626,0,,,False
2025-02-02 18:00:00+00:00,3.885048641391683,67.17391451789044,81.75228441426466,71.82281098015763,0,,,False
2025-02-02 19:00:00+00:00,4.194926096985518,69.57913648666357,81.55305407604133,71.882693524261,0,,,False
2025-02-02 20:00:00+00:00,3.95351284254532,67.82845313968718,82.59586580845459,71.59767046410799,0,,,False
2025-02-02 21:00:00+00:00,3.907478008095102,66.42703325763999,86.13865835297402,70.09537300437782,0,,,False
2025-02-02 22:00:00+00:00,4.057733021047582,69.19298239551618,80.29694043466516,69.95890804827368,0,,,False
2025-02-02 23:00:00+00:00,3.8709728448198666,69.43057123752833,80.10169293727283,68.99582074832992,0,,,False
2025-02-03 00:00:00+00:00,3.789153794724399,68.9996982201836,74.02799429164047,67.36550385675581,0,,,False
2025-02-03 01:00:00+00:00,3.8738676828514818,69.33051703290454,74.16526710012,68.26586990791662,0,,,False
2025-02-03 02:00:00+00:00,4.046398503763548,65.78934666379439,83.36514056006834,68.960767317351,0,,,False
2025-02-03 03:00:00+00:00,4.092305155186907,65.93138395213758,73.81947046819664,66.57636447999595,0,,,False
2025-02-03 04:00:00+00:00,3.9030085762208064,70.94442251799725,73.48989881346151,66.61380120925583,0,,,False
2025-02-03 05:00:00+00:00,4.014113726004973,66.89263463156848,77.86247192278843,68.21149257228011,0,,,False
2025-02-03 06:00:00+00:00,3.9063495572189333,69.8650834693526,79.08441820736928,69.82940640882524,0,,,False
2025-02-03 07:00:00+00:00,3.8824579212416968,68.36867047824835,77.92319839445359,71.33025636915703,0,,,False
2025-02-03 08:00:00+00:00,4.129951567839877,69.53440274915171,79.76061232457009,71.3829788008346,0,,,False
2025-02-03 09:00:00+00:00,3.9893223312666977,68.10677858218024,83.3486634954571,70.18886628530211,0,,,False
2025-02-03 10:00:00+00:00,3.6354470068005367,69.45244615576608,75.97740004104166,68.70044807945537,0,,,False
2025-02-03 11:00:00+00:00,3.857759029695781,68.98390492205765,74.69208982746882,69.26247915360864,0,,,False
2025-02-03 12:00:00+00:00,3.9279289013778724,68.27990111023067,82.19273221300759,69.84111923565672,0,,,False
2025-02-03 13:00:00+00:00,3.932714284048985,67.922053154573,82.38593951574732,71.65770444698026,0,,,False
2025-02-03 14:00:00+00:00,4.357492443534255,70.34019487301659,80.29762260559116,73.12844525592605,0,,,False
2025-02-03 15:00:00+00:00,4.162536922915457,68.02202777658984,77.13663254788811,72.80368658384573,0,,,False
2025-02-03 16:00:00+00:00,4.238702109222812,69.91809238986696,78.05059727296046,70.922902755619,0,,,False
2025-02-03 17:00:00+00:00,4.01539827576439,73.05960555466869,79.67554156427332,70.39959397037781,0,,,False
2025-02-03 18:00:00+00:00,3.993205443089331,71.21562596044512,83.53640043971578,70.63456961184038,0,,,False
2025-02-03 19:00:00+00:00,3.7930666332238205,70.155216766299,76.61038972727137,70.25898311985922,0,,,False
2025-02-03 20:00:00+00:00,3.9232386160184185,68.67886438700852,78.70038713405626,69.3575844454008,0,,,False
2025-02-03 21:00:00+00:00,3.9361532954076712,65.98389498473531,81.21950176786643,69.64007975080204,0,,,False
2025-02-03 22:00:00+00:00,3.6515357954303056,66.66734570319284,71.36672798792307,68.83591765681038,0,,,False
2025-02-03 23:00:00+00:00,3.757210294380457,70.28635754374825,80.7941685726669,67.87389419864729,0,,,False
2025-02-04 00:00:00+00:00,3.813011076229927,67.29004550623198,74.46424055823493,68.24893208806382,0,,,False
2025-02-04 01:00:00+00:00,3.9161094264565746,67.2290092429309,78.45000075253887,67.59295796725655,0,,,False
2025-02-04 02:00:00+00:00,3.9363002493720134,68.10657248123788,78.4126860006633,67.85016064921302,0,,,False
2025-02-04 03:00:00+00:00,3.7607553083500718,66.84288151242222,81.15562005968569,68.11983633564019,0,,,False
2025-02-04 04:00:00+00:00,3.8716185296001258,66.07466023912312,78.07807760870725,66.38271113650191,0,,,False
2025-02-04 05:00:00+00:00,3.720030793853356,67.60965556506846,68.64333410182508,65.61788891413532,0,,,False
2025-02-04 06:00:00+00:00,4.533279358877228,72.42811224033275,84.96431378849762,76.35135474113599,1,STOP_017,2025-02-04T08:00:00+00:00,True
2025-02-04 07:00:00+00:00,5.871436159586626,76.61302229925103,94.30084086666469,81.74850056306452,1,STOP_017,2025-02-04T08:00:00+00:00,True
2025-02-04 08:00:00+00:00,3.8140059028430326,65.62679977822886,72.67772157441384,62.66195439149788,0,STOP_017,2025-02-04T08:00:00+00:00,True
2025-02-04 09:00:00+00:00,3.198895710679772,66.7943452999034,72.46344629686679,60.03601659717233,0,,,False
2025-02-04 10:00:00+00:00,3.526706624211217,65.69462618516643,73.48940804291927,60.14271573636488,0,,,False
2025-02-04 11:00:00+00:00,3.7955990303144365,65.80048879323311,73.01900432033176,60.227822483579665,0,,,False
2025-02-04 12:00:00+00:00,3.366763845384038,66.91991335880282,70.42657629204854,60.08164837613167,0,,,False
2025-02-04 13:00:00+00:00,3.58075040369988,66.32269771580324,66.97896749640438,61.785857093842154,0,,,False
2025-02-04 14:00:00+00:00,3.173480007284719,64.97063890455253,67.89961166561072,57.96006519079434,0,,,False
2025-02-04 15:00:00+00:00,3.728263776296745,66.27475667200395,71.02816767058815,58.56360379549561,0,,,False
2025-02-04 16:00:00+00:00,3.518965510578581,67.22873265492292,68.37022659617692,60.75478629862158,0,,,False
2025-02-04 17:00:00+00:00,3.4667041609846745,65.5014652792821,72.10637152124225,59.07358509515003,0,,,False
2025-02-04 18:00:00+00:00,3.6756931889393525,65.66703903108639,72.4392074334928,58.48709122551868,0,,,False
2025-02-04 19:00:00+00:00,3.501264762890095,64.04197233442606,69.1554643527947,57.382192263420194,0,,,False
2025-02-04 20:00:00+00:00,3.1670713963998463,63.540205890248274,58.49714669021549,56.10410151665021,0,,,False
2025-02-04 21:00:00+00:00,3.187889688827576,65.84971935403883,63.47106286494902,55.65332700362874,0,,,False
2025-02-04 22:00:00+00:00,3.4836510476328333,65.96450251260787,74.6669874955759,57.656964729303105,0,,,False
2025-02-04 23:00:00+00:00,3.3937668162212606,66.7236716985088,69.47577140341934,60.13574680294644,0,,,False
2025-02-05 00:00:00+00:00,3.094347548866945,66.25762382341256,64.5838735148651,59.45447433441423,0,,,False
2025-02-05 01:00:00+00:00,3.576814934911708,66.64529343816737,76.33770965085814,61.91996174814982,0,,,False
2025-02-05 02:00:00+00:00,3.3079039720960424,67.54023284355753,72.4443092953806,61.65205002441128,0,,,False
2025-02-05 03:00:00+00:00,3.961171607678235,68.53760242177927,77.53048276090094,63.78313093415032,0,,,False
2025-02-05 04:00:00+00:00,3.6770163769837847,68.33480602236209,74.57344073362377,63.22654671525372,0,,,False
2025-02-05 05:00:00+00:00,3.4716259293586744,66.74588272323115,74.91731793389519,62.99016532383374,0,,,False
2025-02-05 06:00:00+00:00,3.5126557107336547,69.00321939734923,74.70343026685381,63.075767674953255,0,,,False
2025-02-05 07:00:00+00:00,3.478578362678262,68.46715721256894,79.11178580734595,67.08155396656817,0,,,False
2025-02-05 08:00:00+00:00,3.646524557277199,69.2447489348333,84.33814784262465,67.65394881994865,0,,,False
2025-02-05 09:00:00+00:00,3.953275522964724,68.22538081296831,79.01939110857286,66.0074965890533,0,,,False
2025-02-05 10:00:00+00:00,4.205934845556867,68.39859899034782,72.00523401230787,66.76029643040525,0,,,False
2025-02-05 11:00:00+00:00,3.883069941367268,66.5784958079009,77.10600196011977,65.60707931092124,0,,,False
2025-02-05 12:00:00+00:00,3.6773291024070587,68.34467131990954,78.08693664775448,64.30881687464098,0,,,False
2025-02-05 13:00:00+00:00,3.6476415971201503,71.77057015728049,78.86555002021238,65.00876188306346,0,,,False
2025-02-05 14:00:00+00:00,3.5276967099439323,66.77024709706606,73.49543089370106,64.44146569750394,0,,,False
2025-02-05 15:00:00+00:00,4.061258117547543,67.37649377758001,78.09317149815175,64.23333901480866,0,,,False
2025-02-05 16:00:00+00:00,3.6304476517170237,66.42684155716319,76.88898398409184,63.65383151228025,0,,,False
2025-02-05 17:00:00+00:00,4.040140749684369,66.33015268281122,81.72706949384587,63.540608450513744,0,,,False
2025-02-05 18:00:00+00:00,3.9104880247821767,69.38103763752711,71.76569114891026,63.547878067830354,0,,,False
2025-02-05 19:00:00+00:00,3.1975085323277743,65.06288940654282,69.68277841467847,60.241153110446746,0,,,False
2025-02-05 20:00:00+00:00,3.411873423095438,65.50051165216452,70.68126788089334,60.70544120738023,0,,,False
2025-02-05 21:00:00+00:00,3.3272690389186512,63.27007517286931,68.5413910405381,58.83771469488755,0,,,False
2025-02-05 22:00:00+00:00,3.3234340690263697,63.78229184362265,65.26628113694457,56.39569810145339,0,,,False
2025-02-05 23:00:00+00:00,3.308468987987808,62.23290385089186,59.29923393889079,55.98501230107296,0,,,False
2025-02-06 00:00:00+00:00,3.8497439485524567,65.68384645802317,66.11496323824555,55.78713136401758,0,,,False
2025-02-06 01:00:00+00:00,3.0588932050812843,68.5515073160009,67.43863171496038,54.50653827748312,0,,,False
2025-02-06 02:00:00+00:00,3.3346738980407253,64.07304387366511,65.6190103118815,55.41020688046968,0,,,False
2025-02-06 03:00:00+00:00,3.3065354141196197,61.470289903684076,71.05568615956739,53.23475601056478,0,,,False
2025-02-06 04:00:00+00:00,3.1602369254883578,65.08679873859668,64.62772529034517,52.455997473173625,0,,,False
2025-02-06 05:00:00+00:00,3.1355536382432807,62.34775345655567,67.61448636791332,51.460469649836355,0,,,False
2025-02-06 06:00:00+00:00,2.9186514094648213,65.3271337987637,64.35558254650114,51.26037800977793,0,,,False
2025-02-06 07:00:00+00:00,3.1378718376023724,63.034985245474346,66.27697024496436,51.526762723864216,0,STOP_018,2025-02-06T07:00:00+00:00,False
2025-02-06 08:00:00+00:00,3.141363074236247,62.04768483254156,63.324715032603606,49.98469455388579,0,,,False
2025-02-06 09:00:00+00:00,3.1509906074576075,63.01321368164017,67.400112272277,50.93383338419566,0,,,False
2025-02-06 10:00:00+00:00,3.1942386903041418,64.41401532540405,63.45364357172989,50.924500613332576,0,,,False
2025-02-06 11:00:00+00:00,3.222580844742276,62.11427853805154,62.445355662790604,48.18469828061676,0,,,False
2025-02-06 12:00:00+00:00,3.014716597744551,60.89533041380924,59.74684829361621,45.46805822666598,0,,,False
2025-02-06 13:00:00+00:00,2.8644961850499007,61.379506959667445,57.88878099066933,45.592514547119166,0,,,False
2025-02-06 14:00:00+00:00,2.633356914996763,59.720706678820356,59.82900041422714,45.42829818523895,0,,,False
2025-02-06 15:00:00+00:00,2.7369960517795464,62.22886074495795,65.33087987289117,45.44437780505662,0,,,False
2025-02-06 16:00:00+00:00,2.811355825715455,58.99250632963657,57.927831798191484,45.57532073467978,0,,,False
2025-02-06 17:00:00+00:00,2.9184189929395457,61.15379610710563,60.4149998297458,46.066594295513006,0,,,False
2025-02-06 18:00:00+00:00,2.854120293060147,63.40721241411303,64.19971822173126,47.56044866955639,0,,,False
2025-02-06 19:00:00+00:00,2.707160441815865,62.29185520885939,62.62639439880375,46.12427594820106,0,,,False
2025-02-06 20:00:00+00:00,2.5964081864471398,62.28737386273826,58.007179429057665,44.67297667752891,0,,,False
2025-02-06 21:00:00+00:00,2.455927984517364,60.92336469857085,49.74247797946694,43.40311069216356,0,,,False
2025-02-06 22:00:00+00:00,2.7436966677737975,62.99453790116641,59.063211240061776,44.133062098960444,0,,,False
2025-02-06 23:00:00+00:00,2.613863155533567,63.243068362529506,52.60029933169281,46.18673189124937,0,,,False
2025-02-07 00:00:00+00:00,2.682097386264042,62.417158235787326,63.362327426168505,45.82648909805272,0,,,False
2025-02-07 01:00:00+00:00,2.6459952159932025,62.1706356866715,56.716486505566465,42.59772340233727,0,,,False
2025-02-07 02:00:00+00:00,2.387928949935158,61.314929102442804,57.53535441032205,40.6309792361248,0,,,False
2025-02-07 03:00:00+00:00,2.667401655770586,59.33444647558514,51.275651531339015,39.978805818684904,0,,,False
2025-02-07 04:00:00+00:00,2.7222225855679616,57.91070119325591,49.134368002346434,39.755165202643056,0,,,False
2025-02-07 05:00:00+00:00,2.490617436432982,60.560638522047626,54.584199930060635,39.766984444278975,0,,,False
2025-02-07 06:00:00+00:00,2.5403214458852403,60.94570958794741,54.257820948282344,40.4219191390009,0,,,False
2025-02-07 07:00:00+00:00,2.722764923716968,61.80922508732075,53.017009306598375,40.57839033537632,0,,,False
2025-02-07 08:00:00+00:00,2.590849929979467,59.391311737310126,56.50873251685281,42.652645499593554,0,,,False
2025-02-07 09:00:00+00:00,2.5602342040915227,59.314528798944494,64.21247127503412,42.24725129286747,0,,,False
2025-02-07 10:00:00+00:00,2.888104927442982,61.17475174192465,57.877463779085666,41.61633780821,0,,,False
2025-02-07 11:00:00+00:00,2.8899980362012094,60.76554447160642,59.6199981897671,42.90764984962018,0,,,False
2025-02-07 12:00:00+00:00,2.768871569448004,57.575308044317296,57.67633697848637,41.3465015339133,0,,,False
2025-02-07 13:00:00+00:00,2.8819486927973306,61.33154665194058,60.6168922494329,42.56294802103097,0,,,False
2025-02-07 14:00:00+00:00,2.394774802062222,58.22593211170555,56.276056686499885,43.34855494729661,0,,,False
2025-02-07 15:00:00+00:00,3.013459744499149,59.713910812699204,51.04247039175037,43.77265213503089,0,,,False
2025-02-07 16:00:00+00:00,2.96891045510877,64.01645055344814,59.069539001096224,46.62976164719324,0,,,False
2025-02-07 17:00:00+00:00,3.0653464645927837,64.62669062985567,61.78842808890037,46.297907010483364,0,,,False
2025-02-07 18:00:00+00:00,3.108656197679068,61.10296263021287,59.38219916626376,49.7548239430694,0,,,False
2025-02-07 19:00:00+00:00,3.0540090125931214,62.47392965488558,61.880283538045106,49.893389870015405,0,,,False
2025-02-07 20:00:00+00:00,2.9362772351558495,62.63615307382485,59.21264542374564,48.57406429735598,0,,,False
2025-02-07 21:00:00+00:00,3.080670124554784,65.4357346361408,66.33712144903998,49.21298081589482,0,,,False
2025-02-07 22:00:00+00:00,2.9147449030274233,61.73309342246501,63.25349543812427,48.241322814005386,0,,,False
2025-02-07 23:00:00+00:00,3.1064189127735427,61.6193487305289,62.56953369632185,47.78224921692938,0,,,False
2025-02-08 00:00:00+00:00,2.7180456293530524,65.01380717351061,63.48850730750915,48.9690627860544,0,,,False
2025-02-08 01:00:00+00:00,2.9682368515968514,62.54261964905475,62.68519514705135,50.34934459377381,0,,,False
2025-02-08 02:00:00+00:00,3.4200597960910617,64.09657997255145,63.13028817337085,50.04425803033923,0,,,False
2025-02-08 03:00:00+00:00,3.0283475905159474,61.39123271205788,60.6641298776282,52.0231571990884,0,,,False
2025-02-08 04:00:00+00:00,4.405095535270149,69.49687492000535,69.39289216615582,62.97908012047944,1,STOP_019,2025-02-08T06:00:00+00:00,True
2025-02-08 05:00:00+00:00,5.3906886532976745,72.50762621784831,86.6084709044925,72.6567382511264,1,STOP_019,2025-02-08T06:00:00+00:00,True
2025-02-08 06:00:00+00:00,3.4606827528988666,63.75171954042922,70.08743636909433,57.78290070620929,0,STOP_019,2025-02-08T06:00:00+00:00,True
2025-02-08 07:00:00+00:00,3.3696528527574983,67.27333891928235,74.66898155051234,60.04845628851319,0,,,False
2025-02-08 08:00:00+00:00,3.362992134931798,65.23448926801704,73.75715828641391,57.697824515490375,0,,,False
2025-02-08 09:00:00+00:00,3.5468266369376886,64.81487912551304,73.70835237463395,57.64512578780836,0,,,False
2025-02-08 10:00:00+00:00,3.2320736466457687,63.929215977578195,65.32089372517547,56.8411347118319,0,,,False
2025-02-08 11:00:00+00:00,3.527866760271112,64.90846094882721,67.78829922810327,57.46481686229716,0,,,False
2025-02-08 12:00:00+00:00,3.517988315646575,65.58491667628911,69.98520251028535,57.11082308546023,0,,,False
2025-02-08 13:00:00+00:00,3.570732782552855,66.6799788797152,76.34492698162376,57.352015233408494,0,,,False
2025-02-08 14:00:00+00:00,3.5461873640024373,62.2015465399694,75.83488621513311,60.46422188704866,0,,,False
2025-02-08 15:00:00+00:00,4.110050419590622,64.92985014350445,74.86108521654135,60.59163968299556,0,,,False
2025-02-08 16:00:00+00:00,3.759231437086447,66.70141350800932,71.14781537674193,61.54256381575271,0,,,False
2025-02-08 17:00:00+00:00,3.6287663800810295,66.3202947106419,69.67807102952642,61.56196461528445,0,,,False
2025-02-08 18:00:00+00:00,3.4333262937658917,67.21168228579413,75.08547442916112,62.022059740013425,0,,,False
2025-02-08 19:00:00+00:00,3.589437989682291,67.11403464478741,69.7174014848234,62.37574738532526,0,,,False
2025-02-08 20:00:00+00:00,3.907189592779319,66.54570311842531,73.12653820031944,63.34334970971807,0,,,False
2025-02-08 21:00:00+00:00,4.04550080199708,66.79495068058156,75.14715249758754,65.28410158187448,0,,,False
2025-02-08 22:00:00+00:00,4.118424583811717,67.98058340361325,82.43377057564852,67.82945212738835,0,,,False
2025-02-08 23:00:00+00:00,4.019633014862452,70.24510285574159,77.08154452897547,68.40663110335825,0,,,False
2025-02-09 00:00:00+00:00,3.6951070606958525,67.70949408616848,71.63685137660876,69.35835328509013,0,,,False
2025-02-09 01:00:00+00:00,3.9405053460472654,68.25789804087502,79.17764029882846,67.84036041863655,0,,,False
2025-02-09 02:00:00+00:00,3.6309400467398456,68.63762981959354,75.59701452004329,67.87538832865302,0,,,False
2025-02-09 03:00:00+00:00,3.653083811358843,71.1460505692609,79.07687823425263,69.35174724816399,0,,,False
2025-02-09 04:00:00+00:00,4.023085055651485,68.74978089549609,79.80724186555018,70.66747760950183,0,,,False
2025-02-09 05:00:00+00:00,4.089901411567799,70.7430467244114,79.54259211033241,71.0161224679832,0,,,False
2025-02-09 06:00:00+00:00,4.215942907517112,71.5368693035013,83.82290564139815,72.29633399534593,0,,,False
2025-02-09 07:00:00+00:00,4.173199341669199,69.79580072517871,77.4271297124918,72.97144040888227,0,,,False
2025-02-09 08:00:00+00:00,4.25322756621538,70.06753545659609,81.8691967799021,74.61204641737079,0,,,False
2025-02-09 09:00:00+00:00,3.9937133981966406,69.9794252485628,85.72563004981832,74.91001918878375,0,,,False
2025-02-09 10:00:00+00:00,4.124175838021788,69.90340957373631,81.30465445341743,74.29048091700062,0,,,False
2025-02-09 11:00:00+00:00,3.888443442872506,71.67952288611001,78.63504197538356,74.66054365081585,0,,,False
2025-02-09 12:00:00+00:00,3.609132338587496,69.47810684508015,81.87850968749468,70.43863959732292,0,,,False
2025-02-09 13:00:00+00:00,4.129194007546348,69.65879002891877,83.73587437595585,71.01951821721322,0,,,False
2025-02-09 14:00:00+00:00,3.6311785032881034,66.09043736223343,75.90345348917997,65.92757542601058,0,,,False
2025-02-09 15:00:00+00:00,3.824795268739788,65.66706847296408,68.2859900401677,63.727678630089756,0,,,False
2025-02-09 16:00:00+00:00,3.9089217812963977,70.61129835235207,77.0736055664585,64.65376038395536,0,,,False
2025-02-09 17:00:00+00:00,3.6392067790448395,67.40448739524707,70.75547664141789,65.570753277267,0,,,False
2025-02-09 18:00:00+00:00,3.7928376997471265,66.0817200248136,75.45071888205777,64.14626006060385,0,,,False
2025-02-09 19:00:00+00:00,3.533973786875511,69.16652873522372,71.22726848848622,63.39959995613258,0,,,False
2025-02-09 20:00:00+00:00,3.419209907049583,68.09916685290806,72.27043522736687,65.58818009960913,0,,,False
2025-02-09 21:00:00+00:00,3.75087609189056,68.39176836923623,73.99378859825603,65.08178664646483,0,,,False
2025-02-09 22:00:00+00:00,3.7933175571106945,68.31342842347458,77.59152126717603,68.40166345465626,0,,,False
2025-02-09 23:00:00+00:00,3.800295434589859,68.05206674077175,76.23592498264536,68.43358792212318,0,,,False
2025-02-10 00:00:00+00:00,4.2616934828577895,68.4531652522247,80.43748679906224,69.02514936990211,0,,,False
2025-02-10 01:00:00+00:00,3.732575687820253,67.30742570929962,79.24280193140825,71.27177654915853,0,,,False
2025-02-10 02:00:00+00:00,4.078951753183463,69.26834187798082,83.57456609266234,71.3341099737022,0,,,False
2025-02-10 03:00:00+00:00,4.9715934004303355,74.88177430300652,90.06707277801783,78.59241562480868,1,STOP_020,2025-02-10T05:00:00+00:00,True
2025-02-10 04:00:00+00:00,6.293088129666383,81.6397020240874,95.0220153712894,85.54669057773921,1,STOP_020,2025-02-10T05:00:00+00:00,True
2025-02-10 05:00:00+00:00,3.9766580548968915,68.94860148007702,76.3910551824492,69.39867627523066,0,STOP_020,2025-02-10T05:00:00+00:00,True
2025-02-10 06:00:00+00:00,3.900356113496122,64.71256197430861,72.33002245945923,67.37942512541359,0,,,False
2025-02-10 07:00:00+00:00,3.6438659347686193,67.95199562373658,77.80229189018873,66.97657924304502,0,,,False
2025-02-10 08:00:00+00:00,3.62731933220011,71.87675724360918,74.94415698276163,65.89167014648906,0,,,False
2025-02-10 09:00:00+00:00,3.9893593118570414,69.44924415604277,69.97421535924423,67.16564934521739,0,,,False
2025-02-10 10:00:00+00:00,4.139367380462724,66.92115852129886,75.44908253655841,67.12497312337248,0,,,False
2025-02-10 11:00:00+00:00,3.8844975369409656,68.87360730391659,73.92658258700224,66.62315844090249,0,,,False
2025-02-10 12:00:00+00:00,3.6251129186988327,66.79797085224999,81.14150724700168,66.36996996528201,0,,,False
2025-02-10 13:00:00+00:00,3.8566117025792273,65.93997384425342,71.47527201444557,66.56895041191234,0,,,False
2025-02-10 14:00:00+00:00,4.265080966753928,67.66501928030328,72.8740720220686,67.29191108384796,0,,,False
2025-02-10 15:00:00+00:00,3.7750879644268034,67.84830204884095,79.1777773676013,65.70337463327553,0,,,False
2025-02-10 16:00:00+00:00,3.9476373865820005,64.4218069589576,78.55540340811366,64.10013404202562,0,,,False
2025-02-10 17:00:00+00:00,3.6163121698486855,65.9400707688564,73.4791786803721,65.5460323488812,0,,,False
2025-02-10 18:00:00+00:00,3.7079924169481093,67.4526227197246,73.17558076060126,64.79039791650354,0,,,False
2025-02-10 19:00:00+00:00,3.73026466792288,66.17935977481845,75.09162821626528,62.63873179600628,0,,,False
2025-02-10 20:00:00+00:00,3.7136317254521223,67.53963443981783,66.70305028627708,63.15805844366236,0,,,False
2025-02-10 21:00:00+00:00,3.526929822461596,65.27719607491453,68.53081488313586,63.66399521959122,0,,,False
2025-02-10 22:00:00+00:00,3.4144971846233863,67.47257280220924,71.29510597235586,61.33800726459764,0,,,False
2025-02-10 23:00:00+00:00,3.747615526814381,64.68919024944906,76.96668690099888,61.54942965013118,0,,,False
2025-02-11 00:00:00+00:00,3.824329992339498,69.19644042665627,71.76777016112426,62.44112991249939,0,,,False
2025-02-11 01:00:00+00:00,3.8969173749855193,64.25790613692301,73.65885047176185,62.771811878301634,0,,,False
2025-02-11 02:00:00+00:00,3.9790750793192036,65.39028587664947,77.31720011732835,63.43039094074862,0,,,False
2025-02-11 03:00:00+00:00,3.577897037850785,66.98382646663252,78.33433660907467,61.19256754028262,0,,,False
2025-02-11 04:00:00+00:00,3.5094418220606287,68.93273445072856,70.50587753875436,61.454615244940356,0,,,False
2025-02-11 05:00:00+00:00,3.7791895824267647,66.71263931048519,71.62970163834737,60.800249187703116,0,,,False
2025-02-11 06:00:00+00:00,3.6239114522383833,66.81468009030758,76.38227975912481,59.901310700113285,0,,,False
2025-02-11 07:00:00+00:00,3.3643257140163247,66.30075642301952,67.21101354087054,60.9148369016998,0,,,False
2025-02-11 08:00:00+00:00,3.4364452431377783,65.27706673836842,76.3966257336949,62.722214731804044,0,,,False
2025-02-11 09:00:00+00:00,3.8081929531958623,66.72909592398577,72.09391316755996,64.88101148781615,0,,,False
2025-02-11 10:00:00+00:00,3.7500188862465795,66.06165758878609,76.63272991279045,66.26507389585998,0,,,False
2025-02-11 11:00:00+00:00,3.7464719072972112,65.75679704267161,75.01758517508709,65.58287331445636,0,,,False
2025-02-11 12:00:00+00:00,3.9432262037987393,68.27042469998565,72.85140227408006,65.55933773668677,0,,,False
2025-02-11 13:00:00+00:00,3.9111689260265323,66.14551462639623,73.236492082355,66.1009386650939,0,,,False
2025-02-11 14:00:00+00:00,3.9959654449711595,68.18991941179065,76.67591023092716,65.70196133901871,0,,,False
2025-02-11 15:00:00+00:00,3.3916297188306395,65.64264065818733,78.5068465462918,65.31791595506324,0,,,False
2025-02-11 16:00:00+00:00,3.8113617145540943,68.21624179320365,75.63051530234863,65.9055575434284,0,,,False
2025-02-11 17:00:00+00:00,3.8599527807127156,66.83303512443034,75.64750658017822,65.22019659291597,0,,,False
2025-02-11 18:00:00+00:00,3.3877380245201123,69.19341315863528,75.78341013032448,63.61163286053101,0,,,False
2025-02-11 19:00:00+00:00,3.4944476651775096,67.23443754745729,70.2069114258791,62.496197346962326,0,,,False
2025-02-11 20:00:00+00:00,3.478395495076767,68.71822650146436,75.6686419841627,62.8818405399105,0,,,False
2025-02-11 21:00:00+00:00,3.610024505907568,65.57398882614078,75.46249617671849,62.35819633592852,0,,,False
2025-02-11 22:00:00+00:00,3.8973119990840233,66.77953690849353,80.78095760761185,62.31773966042427,0,,,False
2025-02-11 23:00:00+00:00,3.9869876379164033,65.34784623000371,72.19353883532598,62.7315898905938,0,,,False
2025-02-12 00:00:00+00:00,3.428021046122934,65.87687750705754,71.03472981332241,61.65761790391389,0,,,False
2025-02-12 01:00:00+00:00,3.6938934670748775,66.26759807912329,75.1790351189019,62.20251471080077,0,,,False
2025-02-12 02:00:00+00:00,4.909152026267298,71.06833542151382,85.21916030561262,70.99040917514847,1,STOP_021,2025-02-12T04:00:00+00:00,True
2025-02-12 03:00:00+00:00,5.765885536910517,74.15083169865053,87.32131550280727,75.91361995639694,1,STOP_021,2025-02-12T04:00:00+00:00,True
2025-02-12 04:00:00+00:00,3.6379940833944384,64.32090900879686,71.04053611965807,61.47061664758614,0,STOP_021,2025-02-12T04:00:00+00:00,True
2025-02-12 05:00:00+00:00,3.56550163136842,62.56256436595345,72.82792104327866,60.2406217983818,0,,,False
2025-02-12 06:00:00+00:00,3.688567556251349,63.64751320145276,66.34134048513522,57.44010965569318,0,,,False
2025-02-12 07:00:00+00:00,3.500573860934072,65.62210676732658,66.03085148252492,55.60288640772938,0,,,False
2025-02-12 08:00:00+00:00,3.0333571022200587,61.76348422723173,66.05893570698497,53.87077341750549,0,,,False
2025-02-12 09:00:00+00:00,3.360148512621911,62.06060718437612,68.64072517344235,53.70930484585361,0,,,False
2025-02-12 10:00:00+00:00,3.3500168831109924,66.61561236150891,63.31912024799673,53.097548348865125,0,,,False
2025-02-12 11:00:00+00:00,3.215711469534802,62.77203831087749,59.03206337324928,52.42260795216623,0,,,False
2025-02-12 12:00:00+00:00,3.3938388055820847,64.41611847302454,59.39809773206436,53.11516486425764,0,,,False
2025-02-12 13:00:00+00:00,3.2364233238323306,64.98060903747411,61.603638533431116,53.3904443924112,0,,,False
2025-02-12 14:00:00+00:00,3.2491805047838827,65.08109796127296,61.6412050174365,53.62436255533683,0,,,False
2025-02-12 15:00:00+00:00,3.251105370647008,61.91174247145551,65.42260687334847,53.98404605789201,0,,,False
2025-02-12 16:00:00+00:00,2.894742715038532,64.04025481670058,62.86275182609833,54.62281445516605,0,,,False
2025-02-12 17:00:00+00:00,3.0997774295750147,61.00098669890956,61.6053299962333,51.42775867729049,0,,,False
2025-02-12 18:00:00+00:00,2.9660601728137572,66.91177862980268,60.86426422912592,50.80767280479067,0,,,False
2025-02-12 19:00:00+00:00,2.731919767893062,59.91088979709475,59.20421738129077,47.677342310393826,0,,,False
2025-02-12 20:00:00+00:00,3.208349706507154,60.76308244005554,64.58290083825679,47.78280922786756,0,,,False
2025-02-12 21:00:00+00:00,3.043361773787247,60.78979485407804,62.64614848792239,47.83565378780099,0,,,False
2025-02-12 22:00:00+00:00,3.0160971470884914,60.564787562639076,62.00942669937765,49.36592759241133,0,,,False
2025-02-12 23:00:00+00:00,2.9953142371914465,65.3420831339007,62.004299254510826,51.043974230886285,0,,,False
2025-02-13 00:00:00+00:00,3.161218705606582,67.01972638744796,62.29412321496199,51.28684845274242,0,,,False
2025-02-13 01:00:00+00:00,3.2530763185822242,62.45049513293155,63.94824271024055,50.54706270633494,0,,,False
2025-02-13 02:00:00+00:00,2.956438467595726,61.38798074262789,65.29691769825796,51.22871820964834,0,,,False
2025-02-13 03:00:00+00:00,3.070621459196684,59.78788219328746,60.183080398931594,50.47756813792164,0,,,False
2025-02-13 04:00:00+00:00,3.229066966044191,62.78593689722339,63.04039219602787,50.50699991668844,0,,,False
2025-02-13 05:00:00+00:00,2.788450911870942,63.104992632631735,58.04717346823698,51.93180255791301,0,,,False
2025-02-13 06:00:00+00:00,3.091510397997689,62.36887551199753,64.11496384020207,51.15273233845915,0,,,False
2025-02-13 07:00:00+00:00,3.077523641020713,64.03070346575947,66.7659293827956,52.32880194931712,0,,,False
2025-02-13 08:00:00+00:00,3.174136954285558,64.58093523876633,64.45962477222949,53.29391841514366,0,,,False
2025-02-13 09:00:00+00:00,3.047526211235201,64.07008722945447,69.60839095897192,51.951541141825416,0,,,False
2025-02-13 10:00:00+00:00,3.2268578550315135,63.53971553267526,62.72900937280452,53.379676135426664,0,,,False
2025-02-13 11:00:00+00:00,3.5934577606873312,62.662266329046886,66.87730195389993,54.38233024469427,0,,,False
2025-02-13 12:00:00+00:00,3.19541353702288,65.35688019557686,66.2405623151247,54.52710182955598,0,,,False
2025-02-13 13:00:00+00:00,3.258839790890743,64.06098270082433,65.15204117246385,53.47404020564009,0,,,False
2025-02-13 14:00:00+00:00,3.5146120961218363,65.03625455930661,64.1509019334739,52.345727573515475,0,,,False
2025-02-13 15:00:00+00:00,3.028905428123833,64.70450153908097,64.2929150321675,51.731294049575396,0,,,False
2025-02-13 16:00:00+00:00,3.4969119341199617,61.66915937184764,67.315649910743,52.672674918061055,0,,,False
2025-02-13 17:00:00+00:00,3.1183694419854584,61.29807536076412,67.90653327935073,51.49802890650176,0,,,False
2025-02-13 18:00:00+00:00,3.4760468277932857,62.56872563613987,64.48235329019774,52.34012238083554,0,,,False
2025-02-13 19:00:00+00:00,3.2218061663320685,61.6607349798422,65.64049197796982,50.81711030759403,0,,,False
2025-02-13 20:00:00+00:00,3.1425166180344153,64.38112508242801,61.09806684684726,50.82749139487954,0,,,False
2025-02-13 21:00:00+00:00,3.0965287400520007,63.91591293259245,65.89988687757533,51.296494728701916,0,,,False
2025-02-13 22:00:00+00:00,3.164307711274586,66.15967712703025,64.49491198151719,55.036337121174306,0,,,False
2025-02-13 23:00:00+00:00,3.2119237874252056,64.5832722823272,68.57284896752837,53.29514018736939,0,,,False
2025-02-14 00:00:00+00:00,3.464994397989117,65.00276994191347,73.9196767446394,55.6326518970114,0,,,False
2025-02-14 01:00:00+00:00,4.529692204796411,72.11327641968833,77.17251329207338,64.84560583057359,1,STOP_022,2025-02-14T03:00:00+00:00,True
2025-02-14 02:00:00+00:00,5.500260568182499,75.75294216356012,79.72603113045751,72.8278371798585,1,STOP_022,2025-02-14T03:00:00+00:00,True
2025-02-14 03:00:00+00:00,3.3283495591066643,65.25875421354766,66.96615571070693,57.18867589463696,0,STOP_022,2025-02-14T03:00:00+00:00,True
2025-02-14 04:00:00+00:00,3.5891742369111452,67.62420252733733,73.0056071694516,58.011743254804344,0,,,False
2025-02-14 05:00:00+00:00,3.629795121189164,65.56787838653712,70.94536703619822,57.98369020602646,0,,,False
2025-02-14 06:00:00+00:00,3.3901270489134907,65.61158336856843,71.93967457787015,60.22698091981771,0,,,False
2025-02-14 07:00:00+00:00,3.367278375244938,64.6607597090701,73.79223976003482,59.72498199078859,0,,,False
2025-02-14 08:00:00+00:00,3.6351622188720953,67.50038894411489,73.71660412512777,61.4861691851559,0,,,False
2025-02-14 09:00:00+00:00,3.8068291892149753,68.06806526315484,75.25522900512827,60.70829816797043,0,,,False
2025-02-14 10:00:00+00:00,3.742170982730187,66.16340374607603,74.43624476658178,60.79761616075391,0,,,False
2025-02-14 11:00:00+00:00,3.2514883880637164,67.80735201071043,75.12729065415945,59.4849285834689,0,,,False
2025-02-14 12:00:00+00:00,3.4695712574483513,63.159010332355216,72.3994814126044,60.38010960104193,0,,,False
2025-02-14 13:00:00+00:00,3.4514171115050893,66.70965828011614,75.96215350774457,62.64279447442671,0,,,False
2025-02-14 14:00:00+00:00,3.573357771190382,66.74992446607754,72.37380814440617,62.70022278078063,0,,,False
2025-02-14 15:00:00+00:00,3.9059858263536458,65.69078862183753,71.40924474326052,62.60426726816181,0,,,False
2025-02-14 16:00:00+00:00,3.2998705484800617,69.94871599204617,77.17692215396478,61.243081450244546,0,,,False
2025-02-14 17:00:00+00:00,3.2622003991359163,66.25801873047587,72.66098578757692,61.191025598363346,0,,,False
2025-02-14 18:00:00+00:00,3.3169673797699124,65.16245135851308,72.77444299269307,59.24682505306579,0,,,False
2025-02-14 19:00:00+00:00,3.4773026475535445,65.54285476408269,69.96563622604275,58.34637197977479,0,,,False
2025-02-14 20:00:00+00:00,3.5708290776319656,62.72306745832211,68.46776923455421,59.090960220369546,0,,,False
2025-02-14 21:00:00+00:00,3.6393894656974948,65.26452309479875,72.17853612905955,61.34774994272042,0,,,False
2025-02-14 22:00:00+00:00,3.9641977041141834,69.15868883105212,80.07883053780782,65.61276292294667,0,,,False
2025-02-14 23:00:00+00:00,3.406052001947455,66.54596469366459,76.88563794668556,64.96460908687916,0,,,False
2025-02-15 00:00:00+00:00,4.037175115456388,66.91185084614479,71.97187736012002,67.18387863448399,0,,,False
2025-02-15 01:00:00+00:00,3.7883590226628305,70.26119632324603,76.86217225761574,67.65635956158141,0,,,False
2025-02-15 02:00:00+00:00,3.972155327907804,70.28029061571392,82.77829025192499,67.56636338095394,0,,,False
2025-02-15 03:00:00+00:00,3.6355545633116884,69.26729330910216,77.41873095022136,68.30602533620146,0,,,False
2025-02-15 04:00:00+00:00,3.8836204898337674,67.86884589475623,72.82787596293778,68.50507298604744,0,,,False
2025-02-15 05:00:00+00:00,3.9372318037701044,68.2721471694194,84.13464899636696,68.77117922364627,0,,,False
2025-02-15 06:00:00+00:00,4.081840563018687,67.28581089943071,80.10794574785228,68.30678613931049,0,,,False
2025-02-15 07:00:00+00:00,3.5062924998719947,66.45209586773298,76.29868547134343,66.48085182091982,0,,,False
2025-02-15 08:00:00+00:00,3.709340384565209,65.79207477306353,73.73539539074463,64.52899835175393,0,,,False
2025-02-15 09:00:00+00:00,3.5627231617729294,66.79335515101229,79.12162661274716,65.734789203967,0,,,False
2025-02-15 10:00:00+00:00,3.8426993749095963,66.12598576032026,74.12857366397233,65.5935574878246,0,,,False
2025-02-15 11:00:00+00:00,3.8654901534678565,65.15838350155697,78.70593594843442,65.01313726457231,0,,,False
2025-02-15 12:00:00+00:00,3.9703635908086317,67.9202569856787,77.13485263680833,65.30384327015948,0,,,False
2025-02-15 13:00:00+00:00,3.704500049266858,68.35726237828926,77.41592462948451,66.68456335649701,0,,,False
2025-02-15 14:00:00+00:00,3.988626957539682,70.69603040508048,77.51359467374779,67.14947089146,0,,,False
2025-02-15 15:00:00+00:00,4.0340321493866655,66.92462487173992,75.93530442529472,66.42377474757323,0,,,False
2025-02-15 16:00:00+00:00,3.5804399126159305,68.95231333236767,81.24338062977064,68.36054149310922,0,,,False
2025-02-15 17:00:00+00:00,4.092226413431538,69.68243105433764,77.50849769573324,70.71120728475148,0,,,False
2025-02-15 18:00:00+00:00,4.187595861342512,69.05300256272565,75.86320818201555,71.44586301471317,0,,,False
2025-02-15 19:00:00+00:00,4.03021953858058,70.96176897065997,83.73824803336123,72.81756195845153,0,,,False
2025-02-15 20:00:00+00:00,3.9347802775504603,71.51430725697594,85.22286150151773,74.50487825566623,0,,,False
2025-02-15 21:00:00+00:00,4.388029527320389,71.2797665842673,86.0085649583698,75.96216647157,0,,,False
2025-02-15 22:00:00+00:00,4.032530304326375,70.6061530643401,86.36042087093756,76.63204207303936,0,,,False
2025-02-15 23:00:00+00:00,4.2439473931466924,70.6373758462259,84.69711339065083,77.24557003019233,0,,,False
2025-02-16 00:00:00+00:00,4.290003539329753,69.26320828336677,88.42115898591656,77.71613043854116,0,,,False
2025-02-16 01:00:00+00:00,4.3440742853652194,69.55963957246347,84.37412163417471,75.89505413463334,0,,,False
2025-02-16 02:00:00+00:00,4.136652229857607,70.06329478461322,83.69485985054078,76.6543535682192,0,,,False
2025-02-16 03:00:00+00:00,4.028989535473157,68.66213968610366,82.38393516418591,74.49365776582601,0,STOP_023,2025-02-16T03:00:00+00:00,False
2025-02-16 04:00:00+00:00,4.111531105822084,70.61806141432966,88.27674957850563,73.19391821432721,0,,,False
2025-02-16 05:00:00+00:00,4.350378830866187,72.25646543611138,78.43605537965121,74.87174544210293,0,,,False
2025-02-16 06:00:00+00:00,4.623697831644023,69.38428522834931,85.94743779727602,75.82126292281015,0,,,False
2025-02-16 07:00:00+00:00,4.021809720130086,71.71287106088539,80.94451062105608,77.62569635756145,0,,,False
2025-02-16 08:00:00+00:00,4.316428248038021,69.51327785628169,85.02455958749711,76.88148188525416,0,,,False
2025-02-16 09:00:00+00:00,3.975817877794508,70.01857796036911,82.3810076587414,74.91987072259289,0,,,False
2025-02-16 10:00:00+00:00,4.326810964081666,69.25400523326302,76.89849731571115,74.29833200676562,0,,,False
2025-02-16 11:00:00+00:00,3.9685158296588945,71.15253579407337,84.20790768126513,74.16564107054569,0,,,False
2025-02-16 12:00:00+00:00,4.008113950327503,69.1788219365722,81.75139770587394,73.99001399111826,0,,,False
2025-02-16 13:00:00+00:00,4.081599174434361,72.10194348099917,77.691664076894,75.28150953479734,0,,,False
2025-02-16 14:00:00+00:00,4.134801011313355,69.9548643080595,85.76846643322234,74.41148489517599,0,,,False
2025-02-16 15:00:00+00:00,4.213264427248372,69.39285350103313,87.67891921933867,74.55753021808455,0,,,False
2025-02-16 16:00:00+00:00,4.163203542623564,67.9609573849758,86.35296631595476,72.80305092831182,0,,,False
2025-02-16 17:00:00+00:00,4.08914353093567,70.31435136043349,83.22474567442741,73.11514864996823,0,,,False
2025-02-16 18:00:00+00:00,3.8352790442650497,71.17389045870163,81.99285250592469,72.77020951787453,0,,,False
2025-02-16 19:00:00+00:00,4.142481058724687,69.81984556259766,84.64575028309908,71.36621225930786,0,,,False
2025-02-16 20:00:00+00:00,3.972818645295462,72.57392219798702,85.15822906805553,70.71891566121793,0,,,False
2025-02-16 21:00:00+00:00,4.165887034218768,71.18984632547978,83.02867402448697,70.15055048924717,0,,,False
2025-02-16 22:00:00+00:00,3.7985350817067456,68.37822876634537,76.22069503133646,69.46506804473631,0,,,False
2025-02-16 23:00:00+00:00,3.735635693186705,69.01659314335528,81.50266505949813,71.64544764688631,0,,,False
2025-02-17 00:00:00+00:00,3.993425739168435,70.03488121023729,81.75450080406718,71.10112043669753,0,,,False
2025-02-17 01:00:00+00:00,4.199248451081796,67.84948434396566,74.3729362512935,70.35504371534729,0,,,False
2025-02-17 02:00:00+00:00,3.8450438423970925,69.85659417850675,78.37837351520172,67.0238723956934,0,,,False
2025-02-17 03:00:00+00:00,3.7111316802361527,68.18954907668048,82.48589564403098,65.49049431305038,0,,,False
2025-02-17 04:00:00+00:00,3.563029566934412,67.84930190037281,77.06954684397652,64.88204511361666,0,,,False
2025-02-17 05:00:00+00:00,3.9822717810142696,68.13625594840103,78.55341134343557,63.686084822482705,0,,,False
2025-02-17 06:00:00+00:00,3.5582412099230347,70.20804267173556,76.14950475598502,65.4126594889399,0,,,False
2025-02-17 07:00:00+00:00,3.589257841497828,67.72195841408734,74.93266695449908,64.88508461935359,0,,,False
2025-02-17 08:00:00+00:00,3.8903228211180165,67.74855054917887,77.57846230245312,66.39370368495317,0,,,False
2025-02-17 09:00:00+00:00,3.4406445099842764,70.09460099607652,73.74183114580923,66.10507187030886,0,,,False
2025-02-17 10:00:00+00:00,3.9892767583911173,69.18366188146989,73.01696050116583,65.77445419161059,0,,,False
2025-02-17 11:00:00+00:00,3.8491269440486455,67.0970114626879,79.2712771374213,65.26160407754493,0,,,False
2025-02-17 12:00:00+00:00,3.8814682573867945,67.47182410272717,79.265152912859,64.88014809912876,0,,,False
2025-02-17 13:00:00+00:00,3.910803787482961,68.36202287612167,73.88871030950949,66.8965050073783,0,,,False
2025-02-17 14:00:00+00:00,3.6132128001037023,67.49081963854647,76.59028037497207,63.16033407212998,0,,,False
2025-02-17 15:00:00+00:00,3.3086856523029513,63.965449691130836,70.74011023121056,60.00116489179838,0,,,False
2025-02-17 16:00:00+00:00,3.429460241441583,63.3840985607115,71.16326456197717,58.992751574712806,0,,,False
2025-02-17 17:00:00+00:00,3.2699421046838286,64.30547923899168,71.35092135562536,58.788547573317835,0,,,False
2025-02-17 18:00:00+00:00,3.5659922493504177,64.4094542923941,73.57664361562115,59.521873189703754,0,,,False
2025-02-17 19:00:00+00:00,3.6409941594958175,65.00608924568897,71.16832619442478,59.90608422215909,0,,,False
2025-02-17 20:00:00+00:00,3.7234904075569686,66.66983165607695,74.43082211590797,59.05921897647313,0,,,False
2025-02-17 21:00:00+00:00,3.5757352535456226,65.80538678715361,72.09478333059513,60.19593507213571,0,,,False
2025-02-17 22:00:00+00:00,3.7244044814203523,66.68113135573674,73.96774792070273,61.28846482740486,0,,,False
2025-02-17 23:00:00+00:00,3.4977673364347153,64.50523414584421,69.46833179795979,61.13896420302535,0,,,False
2025-02-18 00:00:00+00:00,4.7171664951113,71.42924589530375,89.13748643122248,70.87236399895056,1,STOP_024,2025-02-18T02:00:00+00:00,True
2025-02-18 01:00:00+00:00,5.87480785548858,77.4778659268943,92.1009165000665,77.98993144759012,1,STOP_024,2025-02-18T02:00:00+00:00,True
2025-02-18 02:00:00+00:00,3.463338849197872,67.11178846251131,73.7605116392326,60.73119925082035,0,STOP_024,2025-02-18T02:00:00+00:00,True
2025-02-18 03:00:00+00:00,3.6058149918360742,65.29554959003211,67.25893850792163,61.27470110771324,0,,,False
2025-02-18 04:00:00+00:00,3.352362897834539,66.53167685900209,69.3512465558222,60.96394426477589,0,,,False
2025-02-18 05:00:00+00:00,3.3639384811234487,69.44914820668473,75.14113427206296,60.50292142153739,0,,,False
2025-02-18 06:00:00+00:00,3.7093966469066415,66.60708959093887,73.65555172854108,62.11162161607442,0,,,False
2025-02-18 07:00:00+00:00,3.5765518945015287,64.40653745364254,63.68989476860581,58.154392909520695,0,,,False
2025-02-18 08:00:00+00:00,3.1333325012620374,64.47769382713037,70.54015911860998,55.79445803724533,0,,,False
2025-02-18 09:00:00+00:00,3.3437401095893855,64.29179588594512,64.13698722346395,53.84510074884955,0,,,False
2025-02-18 10:00:00+00:00,3.094559931282688,63.70959644515776,69.38693983684529,53.12116338731194,0,,,False
2025-02-18 11:00:00+00:00,3.168765388569482,63.72493099467476,64.42372159364251,52.573210152298365,0,,,False
2025-02-18 12:00:00+00:00,3.318059215338077,60.92155794123314,63.35984977853706,50.28909378879468,0,,,False
2025-02-18 13:00:00+00:00,3.142423986243916,61.20322951483631,65.03719354692645,48.823917424884115,0,,,False
2025-02-18 14:00:00+00:00,3.0847509405486178,62.05262369575691,57.757962982967776,47.58875517121384,0,,,False
2025-02-18 15:00:00+00:00,3.440686630992357,63.06612715476703,60.41120872093345,51.046763699335614,0,,,False
2025-02-18 16:00:00+00:00,3.078440131551593,63.18497217398038,64.84089698323842,53.447520287567926,0,,,False
2025-02-18 17:00:00+00:00,2.9919371790372504,63.530444117791404,67.23675114009751,52.653214989686866,0,,,False
2025-02-18 18:00:00+00:00,3.0081641671404356,63.679163454998516,60.1723515624783,51.95880390625737,0,,,False
2025-02-18 19:00:00+00:00,3.01291178414997,64.3922666765412,57.66064459363685,50.19382163918135,0,,,False
2025-02-18 20:00:00+00:00,2.510949044752548,62.082970099328186,62.79456127060528,47.439292340557536,0,,,False
2025-02-18 21:00:00+00:00,2.8914270857904225,62.79041593058636,58.40105490977612,47.30587040879663,0,,,False
2025-02-18 22:00:00+00:00,2.769656187176296,60.97212567396499,57.87947931856745,45.948420420386235,0,,,False
2025-02-18 23:00:00+00:00,3.0078493047562915,62.6366272295623,53.46860578597916,45.928278813881946,0,,,False
2025-02-19 00:00:00+00:00,2.8341231071921635,61.701512906220906,55.187161526384116,43.79305819934125,0,,,False
2025-02-19 01:00:00+00:00,2.6234176083319354,62.1756788469725,56.46199924634774,42.92317780734258,0,,,False
2025-02-19 02:00:00+00:00,2.8578486137716985,62.081228437709235,59.65574051432244,43.37012581347502,0,,,False
2025-02-19 03:00:00+00:00,2.915217157553037,62.11663547955344,55.18131696278596,44.11177348410574,0,,,False
2025-02-19 04:00:00+00:00,2.682352642767925,61.32364645321585,63.140733964937965,44.90424188734174,0,,,False
2025-02-19 05:00:00+00:00,2.6571153798901466,61.33980714629325,54.701460460352486,43.24132768575516,0,,,False
2025-02-19 06:00:00+00:00,2.410950907193169,63.00537193181599,55.94603212280415,44.70036179712903,0,,,False
2025-02-19 07:00:00+00:00,2.574459503184084,60.160410136366174,61.83788496202611,43.79507330156788,0,,,False
2025-02-19 08:00:00+00:00,2.688829991557182,60.54055174817754,58.83667680305647,44.94387805407614,0,,,False
2025-02-19 09:00:00+00:00,2.8454639001518744,61.81957368601081,56.72830114870686,45.15808863028423,0,,,False
2025-02-19 10:00:00+00:00,2.5857373703807363,61.6622945531682,56.47949649013994,43.46458339256673,0,,,False
2025-02-19 11:00:00+00:00,2.657726108621586,59.76482335970683,60.895339540334234,43.33661036200947,0,,,False
2025-02-19 12:00:00+00:00,2.567633645692511,61.1424772773959,61.95336830600531,44.182070408386195,0,,,False
2025-02-19 13:00:00+00:00,2.8717781926316177,61.465519777963415,56.10142129022457,45.35505979768864,0,,,False
2025-02-19 14:00:00+00:00,2.921466979055196,58.30933550679421,58.49742299699437,45.44085226733141,0,,,False
2025-02-19 15:00:00+00:00,3.027064872035748,62.03486974491306,60.96920921460611,47.88086909600399,0,,,False
2025-02-19 16:00:00+00:00,3.029976569577083,62.61570035628821,59.12103146753945,49.5055903518697,0,,,False
2025-02-19 17:00:00+00:00,2.7416577522315984,62.55323319644447,61.74835057230717,49.31224203559665,0,,,False
2025-02-19 18:00:00+00:00,2.9633070497103935,65.28986280660662,62.98627753312046,50.55330464913571,0,,,False
2025-02-19 19:00:00+00:00,3.1305607930012007,62.202142512360204,68.82717499049352,53.419466533745066,0,,,False
2025-02-19 20:00:00+00:00,3.2575917441035376,63.630965479388074,71.4146565374861,56.22633112065,0,,,False
2025-02-19 21:00:00+00:00,3.264888423795998,60.42431833290651,65.3164392243486,54.47537343461839,0,,,False
2025-02-19 22:00:00+00:00,3.4521794340849445,63.24917158112653,64.60802254618282,53.23515526795913,0,,,False
2025-02-19 23:00:00+00:00,4.650955313245881,69.53838796856203,79.01646125546148,64.23951099917008,1,STOP_025,2025-02-20T01:00:00+00:00,True
2025-02-20 00:00:00+00:00,5.2528946717486065,73.43935338297443,82.15667223773376,70.0143971582527,1,STOP_025,2025-02-20T01:00:00+00:00,True
2025-02-20 01:00:00+00:00,3.2754202235235597,65.35023404902674,66.21728823464868,52.29572679933702,0,STOP_025,2025-02-20T01:00:00+00:00,True
2025-02-20 02:00:00+00:00,3.2478868927693276,64.84180939410207,63.79711601791615,51.836277035322105,0,,,False
2025-02-20 03:00:00+00:00,3.0256848554456695,63.9219650902473,61.873147611015426,52.68393334615446,0,,,False
2025-02-20 04:00:00+00:00,3.3281598449495635,63.2798402788581,61.997476129003424,52.78586619722631,0,,,False
2025-02-20 05:00:00+00:00,3.117262367915271,65.18015225139642,68.65696804426233,52.13622583078708,0,,,False
2025-02-20 06:00:00+00:00,2.863683534878449,63.42019763078655,63.305266420767694,51.49944806846776,0,,,False
2025-02-20 07:00:00+00:00,3.170400926228049,62.02902451357807,68.14761273556958,50.854765239852526,0,,,False
2025-02-20 08:00:00+00:00,3.0900343346605395,60.43216835983934,60.9776251167094,50.021804586887214,0,,,False
2025-02-20 09:00:00+00:00,3.1740637090943453,63.438332808141766,66.49114515885282,53.66768182995098,0,,,False
2025-02-20 10:00:00+00:00,3.2416986503294725,65.45490012993535,73.42634516422132,54.40978234725481,0,,,False
2025-02-20 11:00:00+00:00,3.1890728378607336,68.20486286138568,64.39966177604478,55.966849423570146,0,,,False
2025-02-20 12:00:00+00:00,3.4097987785419765,64.75891743834086,61.528311937627834,55.55500639685548,0,,,False
2025-02-20 13:00:00+00:00,3.294329918986169,63.53297361530472,71.122623243153,55.6033562932839,0,,,False
2025-02-20 14:00:00+00:00,3.301822440472252,62.70162984465082,64.21029271220601,54.9302588569238,0,,,False
2025-02-20 15:00:00+00:00,3.1858144734136826,64.30479185790163,63.78898286243714,51.58953171147746,0,,,False
2025-02-20 16:00:00+00:00,2.8504627649330363,60.40833042495542,60.898799795318766,50.18418167843944,0,,,False
2025-02-20 17:00:00+00:00,2.810172696343091,63.29980858731973,61.81497932596775,48.247636450708,0,,,False
2025-02-20 18:00:00+00:00,2.4628323940522026,62.96405005461518,56.07125887323505,45.79160881740268,0,,,False
2025-02-20 19:00:00+00:00,2.9233918194153303,62.13267393242968,57.64856820199449,44.9275158419346,0,,,False
2025-02-20 20:00:00+00:00,2.7257600313097914,61.963559729320224,61.846427318482434,47.643507457426864,0,,,False
2025-02-20 21:00:00+00:00,2.9996279854569905,63.352513898158705,58.07286494171959,48.350343059461615,0,,,False
2025-02-20 22:00:00+00:00,3.1579105978407402,63.53062567236992,61.17669923881517,50.91406038559157,0,,,False
2025-02-20 23:00:00+00:00,3.255599461697555,62.480653908521795,63.29339723459032,52.15946557104226,0,,,False
2025-02-21 00:00:00+00:00,3.008344024396807,66.94273227614453,61.52037610963679,53.89037930860661,0,,,False
2025-02-21 01:00:00+00:00,3.1827109149060564,63.4354143050601,63.9606282792854,53.20977791491958,0,,,False
2025-02-21 02:00:00+00:00,3.5560828358100207,65.53317751779637,66.73677864321964,54.56516355707169,0,,,False
2025-02-21 03:00:00+00:00,3.636063303159583,61.221989647705804,66.5427678785246,56.16637023916458,0,,,False
2025-02-21 04:00:00+00:00,3.492712321337737,66.68133408692395,66.69131584900379,55.88875920917524,0,,,False
2025-02-21 05:00:00+00:00,3.43587370871645,67.37064524184227,68.58154392438468,57.224998749534635,0,,,False
2025-02-21 06:00:00+00:00,3.2528635384055335,65.60330193667464,67.78199817132632,58.52850418661559,0,,,False
2025-02-21 07:00:00+00:00,3.5496365498341116,66.30672093386478,71.56745344591538,58.228547939193824,0,,,False
2025-02-21 08:00:00+00:00,3.34322023783282,65.98219983245968,72.88381104454231,57.14809020016114,0,,,False
2025-02-21 09:00:00+00:00,3.422434956792166,63.846090427159275,66.23594520467134,56.034219272067865,0,,,False
2025-02-21 10:00:00+00:00,3.239942435771331,65.84637850912375,69.6950640054999,56.752316836549156,0,,,False
2025-02-21 11:00:00+00:00,3.3692493233470286,64.1229028529126,68.3993861139068,57.786161859071456,0,,,False
2025-02-21 12:00:00+00:00,3.404369754641657,64.25235281338468,69.73201193186475,57.218293996175575,0,,,False
2025-02-21 13:00:00+00:00,3.4465045942208286,67.038244966498,73.84952430670184,57.826100838931865,0,,,False
2025-02-21 14:00:00+00:00,3.551814155398447,67.21494698135432,71.82603322408234,59.17653481768006,0,,,False
2025-02-21 15:00:00+00:00,3.4202369143946703,65.10371682422065,66.14238326952163,60.544266924647836,0,,,False
2025-02-21 16:00:00+00:00,3.4007796241502195,65.85010765494881,75.05499137657526,63.168240567334585,0,,,False
2025-02-21 17:00:00+00:00,4.031202536753289,66.62321329345568,79.20814778849653,65.30536065714058,0,,,False
2025-02-21 18:00:00+00:00,4.135695624899876,68.34982517953604,73.87933134121282,64.16955276612603,0,,,False
2025-02-21 19:00:00+00:00,3.888304847675522,66.55181695984504,79.80032112302527,66.83931377020208,0,,,False
2025-02-21 20:00:00+00:00,3.545288164337012,68.42578056781015,74.28666960277012,66.30237203085406,0,,,False
2025-02-21 21:00:00+00:00,3.7204981471173575,69.51809200361194,73.3372109198046,67.99273929220168,0,,,False
2025-02-21 22:00:00+00:00,5.1727409029838345,73.84163009492474,88.33316882253038,77.04666090121465,1,STOP_026,2025-02-22T00:00:00+00:00,True
2025-02-21 23:00:00+00:00,6.293130458850168,79.85995987028096,90.37435209188119,83.81621441661193,1,STOP_026,2025-02-22T00:00:00+00:00,True
2025-02-22 00:00:00+00:00,3.5267664024023553,67.1774461898979,74.9101027196949,65.44637148044198,0,STOP_026,2025-02-22T00:00:00+00:00,True
2025-02-22 01:00:00+00:00,3.723240786194744,67.31668789149276,79.50002878472348,65.4582376432788,0,,,False
2025-02-22 02:00:00+00:00,3.693766651737253,65.5907898542178,68.26457901868866,63.522197336385304,0,,,False
2025-02-22 03:00:00+00:00,3.889428847304502,69.0844641952506,71.57782110474915,65.195660579401,0,,,False
2025-02-22 04:00:00+00:00,3.778594075603956,67.11983448017186,74.3344795246624,67.56538383546722,0,,,False
2025-02-22 05:00:00+00:00,3.515254725237513,68.50293352440899,76.41515518140358,66.59425265945465,0,,,False
2025-02-22 06:00:00+00:00,3.9354890655335337,68.05084926485783,76.01668251211048,67.19274455182247,0,,,False
2025-02-22 07:00:00+00:00,3.986888927302437,66.31699642914327,80.56989371255209,66.3205700793692,0,,,False
2025-02-22 08:00:00+00:00,3.737573829268305,66.76928056681457,78.6313616211655,65.6097842751652,0,,,False
2025-02-22 09:00:00+00:00,3.882619757161684,70.13881863007127,78.3352646074846,66.88170090503391,0,,,False
2025-02-22 10:00:00+00:00,3.727516147696224,68.38865010723903,77.34768835734572,66.95387931095772,0,,,False
2025-02-22 11:00:00+00:00,3.7753202620730333,67.33667025544104,80.25581067217982,69.50131922497098,0,,,False
2025-02-22 12:00:00+00:00,4.081847399761819,69.10526427944518,75.91465650458925,68.82423949474044,0,,,False
2025-02-22 13:00:00+00:00,4.030359966609645,68.8515670459618,82.27205565850505,70.23579364451203,0,,,False
2025-02-22 14:00:00+00:00,4.052437456342862,74.27554365970309,76.43154372987671,70.31491352112272,0,,,False
2025-02-22 15:00:00+00:00,4.281341672940437,69.83409207068945,83.15761552295548,71.35468769558682,0,,,False
2025-02-22 16:00:00+00:00,3.787051088599986,68.60854745458265,83.56696756103939,70.59828241727399,0,,,False
2025-02-22 17:00:00+00:00,3.869253169850522,71.25416119747544,80.48426521518283,70.41373106931596,0,,,False
2025-02-22 18:00:00+00:00,3.984218113199886,66.277046485125,79.08072957529616,70.12866912021424,0,,,False
2025-02-22 19:00:00+00:00,3.7957800339031533,68.79052301257282,79.7065509292657,68.83014259333726,0,,,False
2025-02-22 20:00:00+00:00,4.075861888012052,71.89095815310836,70.63017188777708,69.66438470362247,0,,,False
2025-02-22 21:00:00+00:00,3.9356934164993542,68.95520291520751,80.77369654040663,70.43167280582381,0,,,False
2025-02-22 22:00:00+00:00,3.8195596082692846,66.7214851904864,80.07067548594638,71.07145585819508,0,,,False
2025-02-22 23:00:00+00:00,4.096325406918139,69.3026997559465,81.88841631808916,72.98858900854134,0,,,False
2025-02-23 00:00:00+00:00,4.191628729636022,72.5882287340439,85.60454394440862,74.6881722420178,0,,,False
2025-02-23 01:00:00+00:00,4.286868642045122,70.68827686597305,82.4608485711995,73.74724157163962,0,,,False
2025-02-23 02:00:00+00:00,4.1950198039704585,68.90341211175738,79.3708522121206,73.87232092008715,0,,,False
2025-02-23 03:00:00+00:00,4.149016116704742,68.74553423096461,81.26708757243445,72.57799480577715,0,,,False
2025-02-23 04:00:00+00:00,4.107636209478776,68.82700763565845,81.59124757232811,72.22186014127723,0,,,False
2025-02-23 05:00:00+00:00,3.96058470727233,69.83822856678017,80.68469166672406,70.98810580233061,0,,,False
2025-02-23 06:00:00+00:00,3.9512100473958065,71.87482412018021,82.44375954404319,72.89176640257409,0,,,False
2025-02-23 07:00:00+00:00,4.134315487748141,71.46079841552846,85.11757150768979,72.94054632109898,0,,,False
2025-02-23 08:00:00+00:00,3.9869246873443096,70.32993257451945,78.07198686140556,72.15304767118589,0,,,False
2025-02-23 09:00:00+00:00,4.405070404708429,68.00854841344074,82.87747877015431,73.35338517842324,0,,,False
2025-02-23 10:00:00+00:00,4.181503107524762,66.94083652544705,83.1792057690935,69.77578432145738,0,,,False
2025-02-23 11:00:00+00:00,3.908229770202278,68.76200287434723,71.35551922968041,66.5404161417553,0,,,False
2025-02-23 12:00:00+00:00,3.8988035715014546,66.18632350262543,77.78510879932702,67.34843383174926,0,,,False
2025-02-23 13:00:00+00:00,3.8025308162369376,67.78407243782075,75.25739624078123,67.0747432314122,0,,,False
2025-02-23 14:00:00+00:00,3.590617257577061,68.57368919740956,75.88734884294988,67.05821176043433,0,,,False
2025-02-23 15:00:00+00:00,3.6777707856667727,65.73815424605414,72.37845566780157,64.81515079699393,0,,,False
2025-02-23 16:00:00+00:00,3.7192583830787695,65.80364901223385,74.2881349752531,64.46680837924052,0,,,False
2025-02-23 17:00:00+00:00,3.854080185079492,67.9440052010113,82.43179610389258,66.95062265954338,0,,,False
2025-02-23 18:00:00+00:00,3.9294451697301596,69.05499958906816,73.72202736351758,67.66508052594025,0,,,False
2025-02-23 19:00:00+00:00,3.9995585265900804,69.81707209543461,73.79475282203646,67.41597979937994,0,,,False
2025-02-23 20:00:00+00:00,3.6591913164145766,68.80244048095112,72.45446722109614,66.30620109598429,0,,,False
2025-02-23 21:00:00+00:00,4.824873827878869,73.19600114033156,90.57455089544024,74.08505415947758,1,STOP_027,2025-02-23T23:00:00+00:00,True
2025-02-23 22:00:00+00:00,6.044792147069827,75.43829416777147,89.19280872807278,77.85862099369018,1,STOP_027,2025-02-23T23:00:00+00:00,True
2025-02-23 23:00:00+00:00,3.7239872547261825,64.96170996404267,72.53261578275038,61.893568192698126,0,STOP_027,2025-02-23T23:00:00+00:00,True
2025-02-24 00:00:00+00:00,3.552658968719723,66.05366928953109,72.1149417890849,62.73328307341602,0,,,False
2025-02-24 01:00:00+00:00,3.4867102701699464,66.6549585813465,68.28022110910509,60.13351734625219,0,,,False
2025-02-24 02:00:00+00:00,3.432091185647227,66.17546686693241,69.36105342996564,58.90177102330463,0,,,False
2025-02-24 03:00:00+00:00,3.3711105978488267,61.952995393666846,75.83280120526415,57.00949457418174,0,,,False
2025-02-24 04:00:00+00:00,3.38020168975323,63.45560934526728,71.3062332779836,55.4470829588951,0,,,False
2025-02-24 05:00:00+00:00,3.7474682065012077,66.41455807543082,64.49661066601769,55.35932249340529,0,,,False
2025-02-24 06:00:00+00:00,3.1862351857285316,63.79934926983457,66.37088128721541,52.268422327094534,0,,,False
2025-02-24 07:00:00+00:00,3.307251574027884,61.79437934335445,62.6117943688595,53.06630904336309,0,,,False
2025-02-24 08:00:00+00:00,2.927125061717787,67.73833756461065,60.58394682806602,54.0153526407114,0,,,False
2025-02-24 09:00:00+00:00,3.120569617348489,64.00893150851905,68.54017438946893,53.50781368997065,0,,,False
2025-02-24 10:00:00+00:00,3.266152741735633,63.54294121394774,65.88519265236727,49.88813424992543,0,,,False
2025-02-24 11:00:00+00:00,3.054059946976703,63.14357497761778,64.34697230986895,48.48095947850028,0,,,False
2025-02-24 12:00:00+00:00,2.2708293679359173,62.5210734221703,61.29572634633794,50.24155540470196,0,,,False
2025-02-24 13:00:00+00:00,3.005168317900707,60.80093375382653,58.861173248243446,46.30764758852871,0,,,False
2025-02-24 14:00:00+00:00,3.2119254290166563,64.96021806415543,61.286129156217854,45.92568528852174,0,,,False
2025-02-24 15:00:00+00:00,2.438117090511546,62.82067851118068,58.90278561451416,44.386232355846865,0,,,False
2025-02-24 16:00:00+00:00,3.1291004967641336,62.936977235982624,57.64728998334776,45.680238114398705,0,,,False
2025-02-24 17:00:00+00:00,2.31908198373923,62.31799376925663,53.26120448773688,44.84519993893104,0,,,False
2025-02-24 18:00:00+00:00,3.018559922587766,60.15982466431181,59.058561040346675,45.54933583284782,0,,,False
2025-02-24 19:00:00+00:00,2.888571940949243,63.850486578486716,62.717237575191206,46.447304302921026,0,,,False
2025-02-24 20:00:00+00:00,2.585836188165585,61.46084105904648,58.12959859674582,49.08513348688035,0,,,False
2025-02-24 21:00:00+00:00,3.0745114236827633,63.05297429575665,63.362403090864845,48.760146995102254,0,,,False
2025-02-24 22:00:00+00:00,3.2237207447534932,60.3180457411773,62.86316178362784,49.25710199791384,0,,,False
2025-02-24 23:00:00+00:00,2.9862520944468747,59.077061282421994,62.309101871811286,47.12783186131092,0,,,False
2025-02-25 00:00:00+00:00,3.102592653822322,63.12626133165695,64.12092932757598,48.82941509225759,0,,,False
2025-02-25 01:00:00+00:00,2.8738609136080626,61.10610185806826,58.48923142432904,47.73250252953541,0,,,False
2025-02-25 02:00:00+00:00,2.5781864495898312,59.10449267991819,55.06581323728678,46.96081345621367,0,,,False
2025-02-25 03:00:00+00:00,3.0384744184208263,62.903840217088316,58.329398317176505,46.976419875558996,0,,,False
2025-02-25 04:00:00+00:00,3.1326591395987613,64.63147738389904,60.779557929995775,44.83785409107618,0,,,False
2025-02-25 05:00:00+00:00,3.041703444948007,63.67353299578385,56.87670067851107,45.29730869304586,0,,,False
2025-02-25 06:00:00+00:00,2.547171320690524,61.6472829722266,57.67877279544821,46.77753266708369,0,,,False
2025-02-25 07:00:00+00:00,2.6540179995507116,62.19126124570328,54.70692995025671,47.25997761885955,0,,,False
2025-02-25 08:00:00+00:00,2.677006598959092,62.86009800172663,63.588802077213295,45.095128721835856,0,,,False
2025-02-25 09:00:00+00:00,2.541655005675108,63.20579594245592,60.79118534360268,45.07534637567853,0,,,False
2025-02-25 10:00:00+00:00,2.890403263850092,61.36769027729481,61.644837201168826,46.27664618511122,0,,,False
2025-02-25 11:00:00+00:00,2.840498186729562,61.18248885223397,60.10830594983859,43.77074092882373,0,,,False
2025-02-25 12:00:00+00:00,2.4550181514670104,61.20068049315105,57.85444021980889,42.49919427668081,0,,,False
2025-02-25 13:00:00+00:00,2.9208135287969967,62.03701718793426,56.68458777242345,44.020675691720044,0,,,False
2025-02-25 14:00:00+00:00,2.9171475432532947,61.193377559181044,57.45551898386093,44.6433074073265,0,,,False
2025-02-25 15:00:00+00:00,2.746643572580005,61.45528689940936,57.35098207942564,45.45138255670825,0,,,False
2025-02-25 16:00:00+00:00,2.9409184753796636,64.54956471367679,68.93036821720642,48.26605406348402,0,,,False
2025-02-25 17:00:00+00:00,2.65555903691734,64.5244360438969,63.346508566223946,49.03384996744191,0,,,False
2025-02-25 18:00:00+00:00,2.992427245930642,63.73101208723624,61.15080465267831,50.04965409027367,0,,,False
2025-02-25 19:00:00+00:00,3.2274176360708737,66.75258587655048,67.22260342512777,53.913074238387,0,,,False
2025-02-25 20:00:00+00:00,4.449782897092158,68.98305355633426,72.37843947884039,62.34240733224628,1,STOP_028,2025-02-25T22:00:00+00:00,True
2025-02-25 21:00:00+00:00,5.425487922584189,76.14972736241445,87.04011052593376,68.38422396490127,1,STOP_028,2025-02-25T22:00:00+00:00,True
2025-02-25 22:00:00+00:00,3.2291527349342535,64.715034639655,63.070366889908314,53.00420491450557,0,STOP_028,2025-02-25T22:00:00+00:00,True
2025-02-25 23:00:00+00:00,3.165832821748316,68.99597043169612,67.08997816826108,53.63143749458081,0,,,False
2025-02-26 00:00:00+00:00,3.23194461808798,62.08080729934763,68.16160175953989,52.89843396507116,0,,,False
2025-02-26 01:00:00+00:00,3.2980490457999596,62.41720403503476,64.9327677204705,51.5040730445359,0,,,False
2025-02-26 02:00:00+00:00,3.2516141122375553,65.08688851185609,66.91636998919887,54.86230589851759,0,,,False
2025-02-26 03:00:00+00:00,3.3469299291197965,65.19427007126912,67.06126006466984,55.3280633060021,0,,,False
2025-02-26 04:00:00+00:00,3.2104755581040454,67.21845080548644,65.99486330880642,54.3108077640797,0,,,False
2025-02-26 05:00:00+00:00,3.188303768506555,63.69557379820323,65.58128936548297,55.660452743841745,0,,,False
2025-02-26 06:00:00+00:00,3.3934180142578,66.01937560612502,65.86054355692946,55.53999276028068,0,,,False
2025-02-26 07:00:00+00:00,3.1859651702826457,66.31640010857821,71.39477032535926,55.24235200518405,0,,,False
2025-02-26 08:00:00+00:00,3.3947838781399704,65.89215465474014,67.3740750034372,56.11727635469725,0,,,False
2025-02-26 09:00:00+00:00,3.252231326823932,62.87280788679435,63.86646799094735,54.38100799893608,0,,,False
2025-02-26 10:00:00+00:00,3.221923866792152,66.62251893165315,65.23193592676905,55.03626907923951,0,,,False
2025-02-26 11:00:00+00:00,3.3450686962904657,67.20488343748555,72.49031749021023,57.86965346837477,0,,,False
2025-02-26 12:00:00+00:00,3.344825635132095,66.47462620479835,71.823359937313,58.58416475037597,0,,,False
2025-02-26 13:00:00+00:00,3.118739121221527,65.73974374546376,71.07511714287271,58.110740715501116,0,,,False
2025-02-26 14:00:00+00:00,3.456106109697456,65.58706196552224,68.09648626289504,57.49299983485225,0,,,False
2025-02-26 15:00:00+00:00,3.409171778716213,64.99851864608169,70.21718402476768,57.055407781469235,0,,,False
2025-02-26 16:00:00+00:00,3.5122774785337927,66.02342325533272,66.41234569468371,56.87415184651253,0,,,False
2025-02-26 17:00:00+00:00,3.248933447411667,65.01067354493006,67.28574315824837,56.54657088504199,0,,,False
2025-02-26 18:00:00+00:00,3.7540279920104367,64.14627213313528,72.26341565130726,58.06353198721415,0,,,False
2025-02-26 19:00:00+00:00,3.243997210946097,63.17611040981882,70.07832702176111,55.829992923534014,0,,,False
2025-02-26 20:00:00+00:00,3.2227080301631226,64.07346405790935,65.79190603757964,57.338394794625955,0,,,False
2025-02-26 21:00:00+00:00,3.1891594519846986,65.45334994753337,65.94051679511698,57.067171945697304,0,,,False
2025-02-26 22:00:00+00:00,3.092714085037856,65.32503369614183,69.5282642356917,57.88489150264879,0,,,False
2025-02-26 23:00:00+00:00,3.6221034311855385,65.29788509363163,73.27386043448762,56.58289801232835,0,,,False
2025-02-27 00:00:00+00:00,3.6922982403958113,66.38792710070219,64.22397547434488,58.78902466794338,0,,,False
2025-02-27 01:00:00+00:00,3.644517625096828,65.30157524964183,72.52224262784344,60.80852212839049,0,,,False
2025-02-27 02:00:00+00:00,3.445092725168999,68.90774832297562,68.88143453824375,62.36419356819199,0,,,False
2025-02-27 03:00:00+00:00,3.844502763834996,65.72159763379115,69.44597133011672,60.41054624787454,0,,,False
2025-02-27 04:00:00+00:00,3.519175931823215,65.89976206214183,71.46477194053054,61.8330084643803,0,,,False
2025-02-27 05:00:00+00:00,3.569504803144324,67.50977570776615,71.96603129969716,62.620654505891586,0,,,False
2025-02-27 06:00:00+00:00,3.7847239195690836,63.41868326370799,69.89004978828908,60.578161890901995,0,,,False
2025-02-27 07:00:00+00:00,3.6566621522919567,65.06791997265161,71.7404991816311,60.84573882411999,0,,,False
2025-02-27 08:00:00+00:00,3.9709624680733353,67.97003521868781,70.80644035861677,61.661420068833536,0,,,False
2025-02-27 09:00:00+00:00,3.6674618404406916,64.21181266362862,68.93014025756594,62.72648519073929,0,,,False
2025-02-27 10:00:00+00:00,3.5739676826372735,68.6459161391427,76.08668089484006,63.23184947914321,0,,,False
2025-02-27 11:00:00+00:00,3.564887444036524,69.43345366993394,76.56440482589984,63.88916273465083,0,,,False
2025-02-27 12:00:00+00:00,3.4459765339391306,67.30205596548733,78.78886668469973,66.18746324074318,0,,,False
2025-02-27 13:00:00+00:00,3.812484931192059,68.85526695312063,73.22751528348775,68.05849267327058,0,,,False
2025-02-27 14:00:00+00:00,3.8920985603529465,68.91910902303665,75.41144324573946,64.13492798586707,0,,,False
2025-02-27 15:00:00+00:00,3.785433231304046,66.48410341944107,76.38341697168877,63.94762400502119,0,,,False
2025-02-27 16:00:00+00:00,3.683243082284871,68.4989142214826,71.29860479331232,63.99083646897774,0,,,False
2025-02-27 17:00:00+00:00,3.4027337868179677,65.53875671867004,72.57304616008352,61.81826637122016,0,,,False
2025-02-27 18:00:00+00:00,3.645462236845515,65.98109718402172,72.62745183212978,62.32500208007162,0,,,False
2025-02-27 19:00:00+00:00,5.091868178046297,71.63140671092006,90.19595096335945,73.23470469135842,1,STOP_029,2025-02-27T21:00:00+00:00,True
2025-02-27 20:00:00+00:00,5.921376745029065,77.47295265788864,97.49060337847764,79.19660619698814,1,STOP_029,2025-02-27T21:00:00+00:00,True
2025-02-27 21:00:00+00:00,3.710256748332699,68.93858303083962,69.41154760065142,64.00543150663766,0,STOP_029,2025-02-27T21:00:00+00:00,True
2025-02-27 22:00:00+00:00,3.493042735221873,66.63379802057419,81.06002203697544,63.033224729166456,0,,,False
2025-02-27 23:00:00+00:00,3.7661177817898874,64.8266266284629,70.33257388014594,62.44500122777166,0,,,False
2025-02-28 00:00:00+00:00,3.1564030338171207,65.8435791078436,78.10033134992479,64.89213113757941,0,,,False
2025-02-28 01:00:00+00:00,3.767605816689874,67.91652305935013,77.6645950699251,64.41541309098106,0,,,False
2025-02-28 02:00:00+00:00,4.204109091779612,70.37584885482197,72.57367298454452,65.36558078243522,0,,,False
2025-02-28 03:00:00+00:00,3.363998807790606,67.49396094904053,75.03936149004592,63.011244833563076,0,,,False
2025-02-28 04:00:00+00:00,3.7255412225015476,67.21290666967508,75.75827800488234,65.97750498550651,0,,,False
2025-02-28 05:00:00+00:00,3.8162861017755363,69.267343150262,78.66418041385913,67.06022399995526,0,,,False
2025-02-28 06:00:00+00:00,3.731655513413372,67.74022151291025,77.64051372829793,66.99823155430126,0,,,False
2025-02-28 07:00:00+00:00,4.046410927312946,67.83166259830256,81.3864413250992,67.99696808116289,0,,,False
2025-02-28 08:00:00+00:00,3.8627994671666257,66.41403323867492,76.47274400488865,66.17240632405937,0,,,False
2025-02-28 09:00:00+00:00,3.8894600612754844,70.52631322781599,77.33502434915266,68.04546653815483,0,,,False
2025-02-28 10:00:00+00:00,3.991315218626469,64.5098958411965,80.85786456525152,67.72902572479997,0,,,False
2025-02-28 11:00:00+00:00,3.8444242924649945,69.47284989929945,79.19002767473735,67.58687032960181,0,,,False
2025-02-28 12:00:00+00:00,4.389208962095937,67.41660495402172,79.1800702049971,67.04074120239343,0,,,False
2025-02-28 13:00:00+00:00,3.814524703455682,67.2997039388057,74.4326825851764,66.38405011994375,0,,,False
2025-02-28 14:00:00+00:00,3.8740234773606987,70.7976240650604,74.2651404266417,67.53050443627895,0,,,False
2025-02-28 15:00:00+00:00,3.552453839840186,67.33105728678909,76.10321969132788,68.00751308363057,0,,,False
2025-02-28 16:00:00+00:00,3.8076096798385772,67.68276786064534,76.79567201940743,69.00957197229319,0,,,False
2025-02-28 17:00:00+00:00,4.113149322450595,68.51521757313158,81.03922311190618,69.03602977170289,0,,,False
2025-02-28 18:00:00+00:00,3.6997524131251347,69.55500205331778,82.24160657891382,69.78076991533138,0,,,False
2025-02-28 19:00:00+00:00,3.524682461242942,68.09083467734264,78.33652779195167,69.17872783593985,0,,,False
2025-02-28 20:00:00+00:00,4.059136949960122,67.3280127051719,85.74436017590426,72.29600366991907,0,,,False
2025-02-28 21:00:00+00:00,4.194864484080096,67.68898921357469,83.5700948885045,69.95845494965778,0,,,False
2025-02-28 22:00:00+00:00,4.0323650781503755,71.42024383126393,81.64188538114189,71.66081015522384,0,,,False
2025-02-28 23:00:00+00:00,4.0438581148880495,70.14123547277521,79.95002383774138,73.43023429690648,0,,,False
2025-03-01 00:00:00+00:00,3.7057258290113557,70.27832197758728,85.93092126239601,72.00563684010517,0,,,False
2025-03-01 01:00:00+00:00,4.253541323471731,70.08877206514269,83.51284226197113,74.93634625300747,0,,,False
2025-03-01 02:00:00+00:00,4.33931504024598,69.81265692672031,84.98388875707019,76.00634490326738,0,,,False
2025-03-01 03:00:00+00:00,3.9435137394853896,73.61119143697037,84.41655716595918,76.98279087385751,0,,,False
2025-03-01 04:00:00+00:00,4.4504377103178445,70.69252467810567,82.4259310015416,76.58270821227434,0,,,False
2025-03-01 05:00:00+00:00,4.350524274304257,70.08627237833382,80.05617543565691,75.83775732541504,0,,,False
2025-03-01 06:00:00+00:00,4.384020611404543,72.17890516117315,85.74689787031893,75.11563870546713,0,,,False
2025-03-01 07:00:00+00:00,4.291016986863381,69.48967593058812,81.60724350016285,75.24405489629731,0,,,False
2025-03-01 08:00:00+00:00,4.372027761923457,70.13700814658846,94.4277079800306,76.76366387416486,0,,,False
2025-03-01 09:00:00+00:00,4.336040220668288,70.96410641870519,81.76319903142208,76.49578797559944,0,,,False
2025-03-01 10:00:00+00:00,4.3173582845734435,70.40729360082045,79.71403650167241,74.68962814896062,0,,,False
2025-03-01 11:00:00+00:00,3.8641192767587866,70.9993881898621,85.59200112286095,75.36657056002427,0,,,False
2025-03-01 12:00:00+00:00,3.955762522963626,73.97719177419657,89.30039016719465,76.13229380034443,0,,,False
2025-03-01 13:00:00+00:00,4.108875047024039,71.44674882991654,85.19716894192896,76.47458820129329,0,,,False
2025-03-01 14:00:00+00:00,4.237606236909408,67.50607817461025,87.09067809698178,76.91053039578817,0,,,False
2025-03-01 15:00:00+00:00,4.2847397117593236,71.25528218557301,78.97255343049663,75.8861125680856,0,,,False
2025-03-01 16:00:00+00:00,4.186706020746086,70.24524214616702,80.83466146715044,73.96140718144206,0,,,False
2025-03-01 17:00:00+00:00,4.249125296454297,69.71881670580858,78.13113754221796,72.17880556427136,0,,,False
2025-03-01 18:00:00+00:00,4.12852976188327,69.18092501835297,73.28220727055601,69.37334684752902,0,,,False
2025-03-01 19:00:00+00:00,3.7606404039718995,68.74144739158635,79.24025770085089,69.2815494103285,0,,,False
2025-03-01 20:00:00+00:00,3.9355695184962203,68.53858731833115,71.68778259925904,68.72501819304746,0,,,False
2025-03-01 21:00:00+00:00,3.6926241660239008,69.22112527874839,73.55449583333225,67.6718632136407,0,STOP_030,2025-03-01T21:00:00+00:00,False
2025-03-01 22:00:00+00:00,3.6064873360059866,66.12269082360578,72.03988600625273,63.11937339799175,0,,,False
2025-03-01 23:00:00+00:00,3.608377105267463,64.91483488879946,69.4591749368784,61.12121464086075,0,,,False
